,is_home,is_home
,count,home_tweet_ratio
codigo,,
0.0,7058,0.020260697081326155
20010101.0,2406,0.04197838736492103
20010201.0,19,0.0
20010202.0,14,0.0
20010203.0,5,0.0
20010204.0,127,0.48031496062992124
20010205.0,2,0.0
20010206.0,3,0.0
20010207.0,5,0.0
20010208.0,2,0.0
20010209.0,1,0.0
20010210.0,1,0.0
20010211.0,3,0.0
20010212.0,54,0.0
20010214.0,2,0.0
20010215.0,4,0.0
20010216.0,69,0.5652173913043478
20010218.0,6,0.0
20010219.0,2,0.0
20010301.0,79,0.0
20010302.0,7,0.0
20010303.0,5,0.0
20010304.0,3,0.0
20010305.0,2,0.0
20010306.0,8,0.0
20010307.0,3,0.0
20010308.0,9,0.0
20010309.0,8,0.0
20010310.0,1,0.0
20010311.0,9,0.0
20010312.0,18,0.0
20010313.0,1,0.0
20010314.0,2,0.0
20010315.0,4,0.0
20010319.0,6,0.0
20010320.0,20,0.0
20010321.0,2992,0.061163101604278076
20010322.0,26,0.0
20010323.0,6,0.0
20010401.0,261,0.0
20010402.0,555,0.11711711711711711
20010403.0,424,0.1721698113207547
20010404.0,197,0.0
20010405.0,119,0.0
20010406.0,99,0.0
20010407.0,391,0.40664961636828645
20010408.0,124,0.0
20010501.0,343,0.0
20010502.0,553,0.0
20010503.0,613,0.18923327895595432
20010504.0,736,0.24728260869565216
20010505.0,351,0.0
20010506.0,623,0.11717495987158909
20010507.0,559,0.059033989266547404
20010601.0,623,0.26163723916532905
20010602.0,165,0.15151515151515152
20010603.0,1066,0.42870544090056284
20010604.0,365,0.0
20010605.0,270,0.1962962962962963
20010606.0,399,0.0
20010607.0,388,0.14690721649484537
20010608.0,271,0.09225092250922509
20010609.0,357,0.4789915966386555
20010610.0,265,0.09433962264150944
20010701.0,359,0.0
20010702.0,2520,0.02619047619047619
20010703.0,922,0.21800433839479394
20010704.0,987,0.4447821681864235
20010705.0,527,0.22960151802656548
20010706.0,424,0.0
20010707.0,451,0.0
20010708.0,304,0.08552631578947369
20010709.0,386,0.5932642487046632
20010710.0,428,0.08177570093457943
20010711.0,1439,0.17512161223071576
20010712.0,415,0.0
20010713.0,2603,0.20783711102573954
20010801.0,352,0.14772727272727273
20010802.0,404,0.0
20010803.0,2645,0.2941398865784499
20010804.0,672,0.3854166666666667
20010805.0,345,0.0
20010806.0,471,0.0
20010807.0,932,0.20064377682403434
20010808.0,156,0.0
20010809.0,301,0.11295681063122924
20010810.0,490,0.14285714285714285
20010901.0,197,0.0
20010902.0,2210,0.03574660633484163
20010903.0,6629,0.11630713531452708
20010904.0,416,0.10817307692307693
20010905.0,410,0.10975609756097561
20010906.0,491,0.0
20010907.0,416,0.5360576923076923
20010908.0,409,0.05867970660146699
20010909.0,1169,0.21043627031650983
20010910.0,2056,0.0646887159533074
20010911.0,233,0.0
20010912.0,725,0.08413793103448276
20010913.0,541,0.07948243992606285
20010914.0,1965,0.020356234096692113
20010915.0,551,0.0
20010916.0,2461,0.1414059325477448
20010917.0,1751,0.08623643632210165
20010918.0,728,0.2733516483516483
20010919.0,2409,0.1415525114155251
20011001.0,283,0.0
20011002.0,437,0.2585812356979405
20011003.0,645,0.2527131782945736
20011004.0,337,0.49258160237388726
20011005.0,226,0.0
20011006.0,100,0.0
20011007.0,331,0.16314199395770393
20011008.0,449,0.0
20011009.0,206,0.16990291262135923
20011010.0,255,0.4627450980392157
20011011.0,361,0.0
20011012.0,1614,0.26394052044609667
20011013.0,1684,0.24406175771971497
20011014.0,550,0.034545454545454546
20011101.0,361,0.22714681440443213
20011102.0,1254,0.07416267942583732
20011103.0,507,0.13609467455621302
20011104.0,319,0.0
20011105.0,184,0.45108695652173914
20011106.0,431,0.08816705336426914
20011107.0,190,0.0
20011108.0,476,0.0546218487394958
20011109.0,262,0.0
20011110.0,167,0.0
20011111.0,575,0.12347826086956522
20011112.0,452,0.2013274336283186
20011113.0,211,0.0
20011114.0,283,0.0
20011201.0,283,0.0
20011202.0,115,0.0
20011203.0,871,0.0
20011204.0,217,0.0
20011205.0,733,0.29195088676671216
20011206.0,474,0.15611814345991562
20011207.0,740,0.22837837837837838
20011208.0,353,0.0
20011209.0,5643,0.20414673046251994
20011210.0,1160,0.07241379310344828
20011211.0,6986,0.13913541368451188
20011212.0,687,0.17612809315866085
20011301.0,3108,0.05019305019305019
20011302.0,5,0.0
20011303.0,68,0.0
20011304.0,4307,0.048990016252612026
20011305.0,430,0.20232558139534884
20011306.0,538,0.09665427509293681
20011307.0,58,0.0
20011308.0,155,0.0
20011309.0,586,0.0
20011310.0,602,0.4069767441860465
20011311.0,205,0.3902439024390244
20011312.0,225,0.0
20011313.0,2361,0.11351122405760271
20011314.0,1839,0.04023926046764546
20011315.0,115,0.34782608695652173
20011401.0,3268,0.06242350061199511
20011402.0,3016,0.054708222811671085
20011403.0,127,0.0
20011404.0,179,0.20670391061452514
20011405.0,771,0.0324254215304799
20011406.0,542,0.6107011070110702
20011407.0,1300,0.19538461538461538
20011408.0,681,0.0
20011409.0,520,0.15576923076923077
20011410.0,510,0.0
20011411.0,204,0.11274509803921569
20011412.0,386,0.0
20011501.0,3178,0.1299559471365639
20011502.0,1488,0.035618279569892476
20011503.0,806,0.08188585607940446
20011504.0,634,0.41798107255520506
20011505.0,483,0.11801242236024845
20011506.0,597,0.0
20011507.0,182,0.0
20011508.0,399,0.15538847117794485
20011509.0,434,0.14516129032258066
20011510.0,392,0.0663265306122449
20011511.0,367,0.34877384196185285
20011601.0,1050,0.02761904761904762
20011602.0,121,0.38016528925619836
20011603.0,1116,0.024193548387096774
20011604.0,175,0.5085714285714286
20011605.0,200,0.0
20011606.0,88,0.0
20011607.0,479,0.31941544885177453
20011608.0,176,0.0
20011609.0,900,0.2
20011610.0,243,0.0
20011611.0,206,0.0
20011612.0,208,0.0
20011701.0,485,0.09484536082474226
20011702.0,381,0.04461942257217848
20011703.0,216,0.3194444444444444
20011704.0,216,0.0
20011705.0,551,0.8294010889292196
20011706.0,115,0.0
20011707.0,77,0.0
20011708.0,105,0.0
20011709.0,67,0.0
20011710.0,59,0.0
20011711.0,178,0.07865168539325842
20011801.0,226,0.13716814159292035
20011802.0,141,0.28368794326241137
20011803.0,348,0.040229885057471264
20011804.0,214,0.10747663551401869
20011805.0,419,0.3818615751789976
20011806.0,147,0.5578231292517006
20011807.0,77,0.0
20011808.0,94,0.0
20011809.0,69,0.0
20011901.0,87,0.0
20011902.0,131,0.0
20011903.0,93,0.0
20011904.0,170,0.0
20011905.0,3047,0.13160485723662618
20011906.0,222,0.0
20011907.0,165,0.0
20011908.0,281,0.0
20011909.0,69,0.0
20012001.0,70,0.0
20012002.0,112,0.0
20012003.0,35,0.0
20012004.0,292,0.8904109589041096
20012005.0,237,0.8354430379746836
20012006.0,239,0.6778242677824268
20012007.0,19,0.0
20012008.0,189,0.0
20012009.0,243,0.29218106995884774
20012010.0,440,0.5636363636363636
20012101.0,473,0.5221987315010571
20012102.0,419,0.1909307875894988
20012103.0,271,0.23985239852398524
20012104.0,153,0.0
20012105.0,90,0.0
20012106.0,85,0.0
20012107.0,33,0.0
20012108.0,420,0.06190476190476191
20012109.0,44,0.0
20012110.0,270,0.0
20012201.0,332,0.13855421686746988
20012202.0,177,0.0
20012203.0,89,0.0
20012204.0,321,0.32710280373831774
20012205.0,904,0.06415929203539823
20012206.0,270,0.0
20012207.0,45,0.0
20012208.0,294,0.0
20012209.0,771,0.1932555123216602
20012210.0,145,0.22758620689655173
20012301.0,480,0.05
20012302.0,358,0.15921787709497207
20012303.0,379,0.41952506596306066
20012304.0,248,0.20967741935483872
20012305.0,213,0.0
20012306.0,290,0.0
20012307.0,333,0.057057057057057055
20012308.0,397,0.24433249370277077
20012309.0,188,0.0
20012310.0,173,0.0
20012401.0,177,0.0
20012402.0,412,0.08980582524271845
20012403.0,1199,0.24020016680567138
20012404.0,69,0.0
20012405.0,115,0.0
20012406.0,130,0.0
20012407.0,1311,0.14645308924485126
20012408.0,157,0.0
20012501.0,242,0.1322314049586777
20012502.0,693,0.06782106782106782
20012503.0,152,0.0
20012504.0,124,0.14516129032258066
20012505.0,167,0.0
20012506.0,302,0.7019867549668874
20012507.0,120,0.0
20012508.0,98,0.0
20012509.0,245,0.46122448979591835
20012510.0,122,0.0
20012511.0,559,0.0
20012601.0,227,0.3392070484581498
20012602.0,153,0.0
20012603.0,21,0.0
20012604.0,288,0.40625
20012605.0,248,0.125
20012606.0,213,0.45539906103286387
20012607.0,49,0.0
20012608.0,55,0.0
20012609.0,75,0.0
20012701.0,13,0.0
20012702.0,326,0.4570552147239264
20012703.0,235,0.0
20012704.0,31,0.0
20012705.0,58,0.0
20012706.0,114,0.0
20012707.0,68,0.0
20012708.0,1256,0.19347133757961785
20012709.0,120,0.23333333333333334
20012710.0,439,0.2505694760820046
20012801.0,359,0.20334261838440112
20012802.0,5,0.0
20012803.0,128,0.0
20012804.0,60,0.0
20012805.0,261,0.19157088122605365
20012806.0,11,0.0
20012807.0,264,0.0
20012808.0,341,0.06451612903225806
20012809.0,95,0.0
20012810.0,80,0.175
20012811.0,304,0.6842105263157895
20012812.0,12,0.0
20012813.0,342,0.0
20012901.0,117,0.23076923076923078
20012902.0,269,0.8773234200743495
20012903.0,22,0.0
20012904.0,11,0.0
20012905.0,342,0.6286549707602339
20012906.0,41,0.0
20012907.0,49,0.0
20012908.0,250,0.672
20012909.0,54,0.0
20020101.0,258,0.13953488372093023
20020102.0,655,0.0
20020201.0,82,0.45121951219512196
20020202.0,315,0.2984126984126984
20020203.0,4326,0.06588072122052704
20020204.0,250,0.424
20020205.0,188,0.0851063829787234
20020206.0,153,0.28104575163398693
20020207.0,69,0.0
20020208.0,136,0.0
20020301.0,606,0.0
20020302.0,152,0.0
20020303.0,3224,0.10732009925558313
20020304.0,1517,0.06064601186552406
20020305.0,496,0.38306451612903225
20020306.0,319,0.3887147335423197
20020307.0,258,0.12790697674418605
20020308.0,211,0.0
20020401.0,121,0.0
20020402.0,155,0.0
20020403.0,191,0.0
20020404.0,179,0.0
20020405.0,345,0.0
20020406.0,110,0.0
20020407.0,180,0.0
20020408.0,257,0.0
20020409.0,346,0.3583815028901734
20020410.0,486,0.0
20020501.0,294,0.0
20020502.0,278,0.6654676258992805
20020503.0,480,0.18333333333333332
20020504.0,374,0.7807486631016043
20020505.0,165,0.0
20020506.0,108,0.0
20020507.0,436,0.4701834862385321
20020508.0,191,0.0
20020509.0,146,0.0
20020601.0,401,0.24688279301745636
20020602.0,509,0.14931237721021612
20020603.0,588,0.19047619047619047
20020604.0,603,0.2736318407960199
20020605.0,839,0.05959475566150179
20020606.0,418,0.1937799043062201
20020607.0,572,0.0
20020608.0,418,0.04784688995215311
20020609.0,312,0.0
20020610.0,185,0.0
20020701.0,709,0.5867418899858956
20020702.0,306,0.1437908496732026
20020703.0,349,0.12034383954154727
20020704.0,272,0.0
20020705.0,1086,0.2559852670349908
20020706.0,566,0.303886925795053
20020707.0,567,0.31393298059964725
20020708.0,1859,0.15277030661646046
20020709.0,341,0.1466275659824047
20020801.0,96,0.22916666666666666
20020802.0,120,0.0
20020803.0,330,0.24848484848484848
20020804.0,350,0.1742857142857143
20020805.0,727,0.5749656121045392
20020806.0,245,0.0
20020807.0,473,0.1522198731501057
20020808.0,234,0.41025641025641024
20020901.0,281,0.0
20020902.0,1289,0.2443754848719938
20020903.0,182,0.0
20020904.0,163,0.0
20020905.0,429,0.4405594405594406
20020906.0,468,0.3974358974358974
20020907.0,212,0.0
20020908.0,361,0.19113573407202217
20020909.0,359,0.6183844011142061
20021001.0,273,0.27472527472527475
20021002.0,202,0.4801980198019802
20021003.0,150,0.0
20021004.0,247,0.0
20021005.0,199,0.0
20021006.0,514,0.5642023346303502
20021007.0,324,0.28703703703703703
20021008.0,125,0.0
20021009.0,194,0.0
20021101.0,178,0.0
20021102.0,213,0.0
20021103.0,700,0.3742857142857143
20021104.0,91,0.0
20021105.0,69,0.0
20021106.0,1221,0.407043407043407
20021201.0,60,0.0
20021202.0,154,0.5714285714285714
20021203.0,189,0.0
20021204.0,342,0.5760233918128655
20021205.0,278,0.09352517985611511
20021206.0,310,0.23225806451612904
20021301.0,243,0.17695473251028807
20021302.0,121,0.0
20021303.0,301,0.3289036544850498
20021304.0,728,0.625
20021305.0,433,0.09006928406466513
20021306.0,300,0.0
20021307.0,410,0.4658536585365854
20021401.0,633,0.0
20021402.0,194,0.0
20021403.0,143,0.0
20021404.0,395,0.4177215189873418
20021405.0,1095,0.29771689497716897
20021406.0,481,0.0
20021407.0,287,0.0
20021408.0,150,0.0
20021409.0,253,0.21739130434782608
20021410.0,620,0.30806451612903224
20021501.0,176,0.0
20021502.0,295,0.5694915254237288
20021503.0,469,0.19189765458422176
20021504.0,91,0.0
20021505.0,208,0.5673076923076923
20021506.0,676,0.20414201183431951
20021507.0,398,0.07537688442211055
20021508.0,334,0.0
20021601.0,178,0.0
20021602.0,282,0.1595744680851064
20021603.0,616,0.2532467532467532
20021604.0,460,0.18478260869565216
20021605.0,700,0.03142857142857143
20021606.0,443,0.06772009029345373
20021607.0,289,0.35986159169550175
20021608.0,946,0.0
20021701.0,311,0.11254019292604502
20021702.0,434,0.4216589861751152
20021703.0,653,0.039816232771822356
20021704.0,484,0.1487603305785124
20021705.0,358,0.3240223463687151
20021706.0,762,0.38713910761154857
20021707.0,197,0.0
20021708.0,297,0.3939393939393939
20021709.0,1071,0.09803921568627451
20021801.0,543,0.07550644567219153
20021802.0,343,0.3119533527696793
20021803.0,621,0.1819645732689211
20021804.0,2829,0.19794980558501238
20021805.0,144,0.0
20021806.0,180,0.0
20021807.0,529,0.20415879017013233
20021808.0,355,0.0
20021901.0,310,0.0
20021902.0,179,0.6871508379888268
20021903.0,238,0.33613445378151263
20021904.0,235,0.16170212765957448
20021905.0,512,0.41796875
20021906.0,184,0.34782608695652173
20021907.0,814,0.06511056511056511
20021908.0,395,0.12658227848101267
20022001.0,372,0.260752688172043
20022002.0,310,0.6709677419354839
20022003.0,144,0.0
20022004.0,455,0.11428571428571428
20022005.0,202,0.06930693069306931
20022006.0,130,0.0
20022007.0,539,0.1614100185528757
20022008.0,132,0.0
20022101.0,532,0.10338345864661654
20022102.0,356,0.0
20022103.0,233,0.0
20022104.0,366,0.4426229508196721
20022105.0,136,0.18382352941176472
20022106.0,115,0.0
20022201.0,462,0.4199134199134199
20022202.0,255,0.34901960784313724
20022203.0,130,0.14615384615384616
20022204.0,592,0.32432432432432434
20022205.0,482,0.5746887966804979
20022206.0,277,0.0
20022301.0,235,0.0
20022302.0,623,0.3146067415730337
20022303.0,501,0.3313373253493014
20022304.0,121,0.0
20022305.0,200,0.335
20022306.0,203,0.2413793103448276
20022307.0,304,0.0
20022308.0,140,0.0
20022309.0,333,0.4804804804804805
20022401.0,167,0.0
20022402.0,428,0.21495327102803738
20022403.0,499,0.0
20022404.0,148,0.12837837837837837
20022405.0,66,0.0
20022406.0,124,0.0
20022501.0,44,0.0
20022502.0,285,0.18596491228070175
20022503.0,352,0.30113636363636365
20022504.0,62,0.0
20022505.0,337,0.5756676557863502
20022506.0,210,0.11904761904761904
20022507.0,228,0.14035087719298245
20022508.0,364,0.4697802197802198
20022509.0,245,0.4122448979591837
20022510.0,714,0.19187675070028012
20022511.0,665,0.4842105263157895
20030101.0,744,0.38844086021505375
20030102.0,347,0.3976945244956772
20030103.0,352,0.036931818181818184
20030104.0,193,0.0
20030105.0,242,0.10330578512396695
20030106.0,2112,0.014678030303030304
20030107.0,167,0.0
20030108.0,517,0.4564796905222437
20030109.0,1791,0.0
20030110.0,102,0.0
20030111.0,201,0.21393034825870647
20030201.0,389,0.6915167095115681
20030202.0,116,0.0
20030203.0,92,0.6956521739130435
20030204.0,116,0.0
20030205.0,293,0.2525597269624573
20030206.0,96,0.0
20030207.0,278,0.15827338129496402
20030208.0,530,0.269811320754717
20030209.0,312,0.16025641025641027
20030210.0,122,0.20491803278688525
20030211.0,159,0.1761006289308176
20030212.0,76,0.0
20030301.0,384,0.3072916666666667
20030302.0,245,0.0
20030303.0,412,0.6019417475728155
20030304.0,90,0.5555555555555556
20030305.0,87,0.0
20030306.0,58,0.0
20030307.0,58,0.0
20030308.0,320,0.290625
20030309.0,139,0.0
20030310.0,299,0.05016722408026756
20030311.0,120,0.0
20030401.0,102,0.0
20030402.0,114,0.0
20030403.0,363,0.7024793388429752
20030404.0,435,0.25287356321839083
20030405.0,306,0.27450980392156865
20030406.0,84,0.0
20030407.0,172,0.0
20030408.0,437,0.19221967963386727
20030501.0,254,0.0
20030502.0,130,0.3153846153846154
20030503.0,241,0.4854771784232365
20030504.0,450,0.0
20030505.0,303,0.22442244224422442
20030506.0,434,0.0
20030507.0,477,0.05450733752620545
20030601.0,248,0.0
20030602.0,292,0.2876712328767123
20030603.0,484,0.3181818181818182
20030604.0,980,0.05612244897959184
20030605.0,356,0.2443820224719101
20030606.0,640,0.03125
20030607.0,743,0.7442799461641992
20030701.0,384,0.3229166666666667
20030702.0,251,0.099601593625498
20030703.0,455,0.44395604395604393
20030704.0,1144,0.21853146853146854
20030705.0,227,0.0
20030706.0,378,0.4523809523809524
20030707.0,191,0.0
20030708.0,396,0.20959595959595959
20030709.0,369,0.6422764227642277
20030801.0,29,0.0
20030802.0,295,0.6237288135593221
20030803.0,250,0.464
20030804.0,24,0.0
20030805.0,54,0.0
20030806.0,207,0.0
20030807.0,194,0.4484536082474227
20030808.0,103,0.0
20030809.0,85,0.0
20030810.0,135,0.0
20030901.0,326,0.48466257668711654
20030902.0,543,0.049723756906077346
20030903.0,77,0.24675324675324675
20030904.0,145,0.0
20030905.0,188,0.4148936170212766
20030906.0,1210,0.0
20030907.0,240,0.0
20030908.0,221,0.39819004524886875
20030909.0,85,0.0
20030910.0,715,0.0
20031001.0,541,0.5341959334565619
20031002.0,98,0.0
20031003.0,154,0.0
20031004.0,318,0.0
20031005.0,393,0.3104325699745547
20031006.0,142,0.4225352112676056
20031007.0,94,0.0
20031008.0,62,0.0
20031101.0,72,0.0
20031102.0,148,0.0
20031103.0,135,0.2
20031104.0,1181,0.0
20031105.0,330,0.13333333333333333
20031106.0,372,0.0
20031107.0,520,0.40576923076923077
20031108.0,572,0.243006993006993
20031201.0,193,0.0
20031202.0,167,0.12574850299401197
20031203.0,83,0.25301204819277107
20031204.0,137,0.0
20031205.0,114,0.35964912280701755
20031206.0,930,0.3150537634408602
20031207.0,231,0.0
20031208.0,447,0.610738255033557
20031209.0,71,0.0
20031210.0,287,0.7282229965156795
20031301.0,121,0.0
20031302.0,466,0.5364806866952789
20031303.0,209,0.0
20031304.0,85,0.0
20031305.0,66,0.0
20031306.0,92,0.0
20031307.0,96,0.0
20031308.0,388,0.23711340206185566
20031309.0,99,0.0
20031310.0,54,0.0
20031311.0,274,0.19708029197080293
20031401.0,232,0.0
20031402.0,20,0.0
20031403.0,152,0.0
20031404.0,71,0.0
20031405.0,87,0.0
20031406.0,203,0.0
20031407.0,44,0.0
20031408.0,8,0.0
20031409.0,184,0.0
20031410.0,92,0.42391304347826086
20031501.0,128,0.0
20031502.0,61,0.0
20031503.0,95,0.0
20031504.0,180,0.0
20031505.0,212,0.0
20031506.0,18,0.0
20031507.0,275,0.0
20031508.0,15,0.0
20031509.0,84,0.0
20031601.0,117,0.0
20031602.0,109,0.0
20031603.0,66,0.0
20031604.0,131,0.0
20031605.0,15,0.0
20031606.0,27,0.0
20031607.0,80,0.575
20031608.0,220,0.0
20031609.0,395,0.0
20031701.0,40,0.0
20031702.0,193,0.19170984455958548
20031703.0,8,0.0
20031704.0,84,0.6904761904761905
20031705.0,855,0.37894736842105264
20031706.0,138,0.2753623188405797
20031707.0,339,0.0
20031708.0,243,0.23045267489711935
20031709.0,121,0.0
20031801.0,27,0.0
20031802.0,54,0.0
20031803.0,138,0.16666666666666666
20031804.0,62,0.0
20031805.0,61,0.0
20031806.0,87,0.0
20031807.0,22,0.0
20031808.0,91,0.0
20031809.0,89,0.0
20031810.0,309,0.2524271844660194
20031811.0,90,0.0
20031901.0,35,0.0
20031902.0,118,0.0
20031903.0,29,0.0
20031904.0,72,0.0
20031905.0,177,0.0
20031906.0,78,0.0
20031907.0,129,0.0
20031908.0,201,0.25870646766169153
20031909.0,79,0.0
20031910.0,98,0.0
20032001.0,40,0.0
20032002.0,32,0.0
20032003.0,86,0.0
20032004.0,136,0.0
20032005.0,88,0.0
20032006.0,61,0.0
20032007.0,453,0.0
20032008.0,114,0.0
20032009.0,128,0.0
20032010.0,217,0.5898617511520737
20032011.0,58,0.603448275862069
20032101.0,72,0.0
20032102.0,116,0.25
20032103.0,43,0.0
20032104.0,131,0.21374045801526717
20032105.0,248,0.12903225806451613
20032106.0,149,0.3422818791946309
20032107.0,154,0.0
20032108.0,50,0.0
20032109.0,4,0.0
20032110.0,42,0.0
20032201.0,289,0.3356401384083045
20032202.0,133,0.0
20032203.0,16,0.0
20032204.0,90,0.4666666666666667
20032205.0,124,0.4112903225806452
20032206.0,139,0.0
20032207.0,185,0.11351351351351352
20032208.0,378,0.3968253968253968
20032209.0,50,0.0
20032301.0,408,0.7034313725490197
20032302.0,111,0.14414414414414414
20032303.0,282,0.3971631205673759
20032304.0,89,0.0
20032305.0,133,0.40601503759398494
20032306.0,189,0.23809523809523808
20032307.0,201,0.24378109452736318
20032308.0,491,0.5417515274949084
20032309.0,97,0.0
20032310.0,35,0.0
20032401.0,68,0.7058823529411765
20032402.0,101,0.0
20032403.0,158,0.2848101265822785
20032404.0,122,0.0
20032405.0,55,0.0
20032406.0,82,0.0
20032407.0,623,0.6292134831460674
20032408.0,170,0.0
20032409.0,35,0.0
20032501.0,525,0.0
20032502.0,162,0.0
20032503.0,88,0.0
20032504.0,31,0.0
20032505.0,627,0.20095693779904306
20032506.0,28,0.0
20032507.0,213,0.0
20032508.0,36,0.0
20032509.0,112,0.0
20032601.0,193,0.21243523316062177
20032602.0,226,0.4026548672566372
20032603.0,381,0.13648293963254593
20032604.0,86,0.0
20032605.0,322,0.33229813664596275
20032606.0,66,0.0
20032607.0,143,0.0
20032608.0,99,0.2222222222222222
20032609.0,130,0.35384615384615387
20032701.0,83,0.2891566265060241
20032702.0,294,0.0
20032703.0,159,0.0
20032704.0,1107,0.1002710027100271
20032705.0,81,0.0
20032706.0,146,0.0
20032707.0,430,0.07441860465116279
20040101.0,190,0.0
20040102.0,150,0.72
20040103.0,59,0.0
20040104.0,4,0.0
20040105.0,7,0.0
20040107.0,81,0.0
20040108.0,347,0.0
20040109.0,93,0.43010752688172044
20040110.0,39,0.0
20040111.0,16,0.0
20040112.0,7,0.0
20040113.0,96,0.0
20040114.0,133,0.0
20040201.0,407,0.3955773955773956
20040202.0,294,0.3163265306122449
20040203.0,595,0.16134453781512606
20040204.0,25,0.0
20040205.0,10,0.0
20040206.0,92,0.0
20040207.0,215,0.0
20040208.0,106,0.0
20040209.0,105,0.0
20040210.0,209,0.42105263157894735
20040301.0,176,0.4431818181818182
20040302.0,96,0.0
20040303.0,32,0.0
20040304.0,205,0.6829268292682927
20040305.0,234,0.36752136752136755
20040306.0,108,0.0
20040307.0,264,0.45075757575757575
20040308.0,277,0.3574007220216607
20040309.0,31,0.0
20040310.0,117,0.0
20040311.0,228,0.0
20040312.0,113,0.0
20040313.0,306,0.0
20040401.0,357,0.7955182072829131
20040402.0,210,0.0
20040403.0,186,0.0
20040404.0,164,0.0
20040405.0,272,0.0
20040406.0,72,0.5
20040407.0,238,0.3487394957983193
20040408.0,332,0.45180722891566266
20040409.0,150,0.0
20040410.0,148,0.4864864864864865
20040411.0,241,0.0
20040501.0,113,0.0
20040502.0,247,0.07692307692307693
20040503.0,66,0.0
20040504.0,328,0.42378048780487804
20040505.0,44,0.0
20040506.0,150,0.0
20040507.0,410,0.05121951219512195
20040508.0,752,0.23537234042553193
20040509.0,267,0.45318352059925093
20040510.0,32,0.0
20040511.0,52,0.0
20040601.0,178,0.0
20040602.0,120,0.0
20040603.0,412,0.5825242718446602
20040604.0,566,0.588339222614841
20040605.0,105,0.0
20040606.0,27,0.0
20040607.0,497,0.4708249496981891
20040608.0,208,0.7932692307692307
20040609.0,81,0.0
20040610.0,636,0.5534591194968553
20040611.0,263,0.13307984790874525
20040701.0,57,0.0
20040702.0,80,0.8
20040703.0,235,0.20425531914893616
20040704.0,51,0.0
20040705.0,132,0.0
20040706.0,136,0.14705882352941177
20040707.0,206,0.14563106796116504
20040708.0,159,0.7735849056603774
20040709.0,89,0.6179775280898876
20040710.0,8,0.0
20040711.0,765,0.23006535947712417
20040712.0,590,0.3305084745762712
20040801.0,45,0.0
20040802.0,177,0.0
20040803.0,522,0.13793103448275862
20040804.0,150,0.0
20040805.0,102,0.23529411764705882
20040806.0,37,0.0
20040807.0,181,0.3425414364640884
20040808.0,418,0.0
20040809.0,245,0.5183673469387755
20040810.0,130,0.0
20040811.0,35,0.0
20040901.0,48,0.6666666666666666
20040902.0,127,0.0
20040903.0,54,0.0
20040904.0,18,0.0
20040905.0,13,0.0
20040906.0,35,0.0
20041001.0,363,0.6225895316804407
20041003.0,5,0.0
20041004.0,13,0.0
20041005.0,14,0.0
20041006.0,2,0.0
20041008.0,56,0.0
20041009.0,7,0.0
20041101.0,102,0.0
20041102.0,361,0.1994459833795014
20041103.0,66,0.0
20041104.0,152,0.0
20041105.0,177,0.15819209039548024
20041106.0,17,0.0
20041107.0,428,0.29439252336448596
20041108.0,88,0.0
20041109.0,102,0.0
20041201.0,48,0.0
20041202.0,424,0.0
20041203.0,235,0.04680851063829787
20041204.0,263,0.8098859315589354
20041205.0,27,0.0
20041206.0,514,0.0
20041207.0,931,0.280343716433942
20041208.0,369,0.0
20041209.0,184,0.0
20041210.0,881,0.20317820658342792
20041211.0,509,0.10412573673870335
20041212.0,358,0.24860335195530725
20041301.0,356,0.3595505617977528
20041302.0,174,0.46551724137931033
20041303.0,76,0.0
20041304.0,169,0.4319526627218935
20041305.0,283,0.0
20041306.0,1319,0.11372251705837756
20041307.0,348,0.23275862068965517
20041308.0,135,0.0
20041309.0,179,0.5642458100558659
20041310.0,113,0.0
20041311.0,299,0.0
20041401.0,259,0.13127413127413126
20041402.0,231,0.0
20041403.0,99,0.1414141414141414
20041404.0,135,0.0
20041405.0,276,0.29347826086956524
20041406.0,148,0.17567567567567569
20041407.0,557,0.4919210053859964
20041408.0,136,0.3235294117647059
20041409.0,34,0.0
20041501.0,139,0.4892086330935252
20041502.0,111,0.7747747747747747
20041503.0,46,0.0
20041504.0,62,0.0
20041505.0,124,0.47580645161290325
20041506.0,184,0.20652173913043478
20041507.0,159,0.0
20041508.0,190,0.0
20041509.0,220,0.0
20041510.0,265,0.2490566037735849
20041601.0,250,0.816
20041602.0,1445,0.08927335640138408
20041603.0,3,0.0
20041604.0,215,0.6930232558139535
20041605.0,33,0.0
20041606.0,108,0.0
20041607.0,91,0.0
20041608.0,625,0.2224
20041609.0,166,0.0
20041610.0,154,0.42857142857142855
20041701.0,631,0.24247226624405704
20041702.0,274,0.2664233576642336
20041703.0,120,0.36666666666666664
20041704.0,52,0.0
20041705.0,73,0.0
20041706.0,47,0.8936170212765957
20041707.0,80,0.0
20041708.0,81,0.0
20041709.0,89,0.33707865168539325
20041710.0,403,0.2630272952853598
20041801.0,298,0.0
20041901.0,326,0.25766871165644173
20041902.0,62,0.0
20041903.0,390,0.6076923076923076
20041904.0,31,0.0
20041905.0,165,0.1393939393939394
20041906.0,287,0.0
20041907.0,188,0.5478723404255319
20041908.0,96,0.0
20041909.0,90,0.0
20041910.0,293,0.3651877133105802
20042001.0,403,0.0
20042002.0,21,0.0
20042003.0,134,0.14925373134328357
20042004.0,283,0.0
20042005.0,159,0.5283018867924528
20042006.0,109,0.0
20042007.0,247,0.3319838056680162
20042008.0,92,0.0
20042009.0,85,0.6352941176470588
20042010.0,104,0.8461538461538461
20042011.0,151,0.5761589403973509
20042012.0,87,0.3563218390804598
20042101.0,63,0.0
20042102.0,3,0.0
20042103.0,781,0.07170294494238157
20042104.0,203,0.7832512315270936
20042105.0,29,0.9310344827586207
20042106.0,52,0.0
20042107.0,10,0.0
20042108.0,18,0.0
20042109.0,23,0.0
20042110.0,90,0.6111111111111112
20042111.0,29,0.0
20042112.0,189,0.48148148148148145
20042201.0,185,0.0
20042202.0,264,0.10984848484848485
20042203.0,281,0.0
20042204.0,139,0.31654676258992803
20042205.0,202,0.0
20042206.0,164,0.0
20042207.0,97,0.0
20042208.0,165,0.2545454545454545
20042209.0,194,0.0
20042210.0,26,0.0
20042211.0,31,0.0
20042212.0,116,0.0
20042301.0,109,0.5321100917431193
20042302.0,131,0.2366412213740458
20042303.0,185,0.41621621621621624
20042304.0,640,0.3671875
20042305.0,271,0.16236162361623616
20042306.0,730,0.3972602739726027
20042307.0,49,0.0
20042308.0,236,0.2754237288135593
20042309.0,174,0.0
20042310.0,121,0.0
20042311.0,660,0.1
20042312.0,156,0.5128205128205128
20042401.0,2,0.0
20042402.0,2,0.0
20042403.0,43,0.0
20042404.0,3,0.0
20042502.0,5,0.0
20042503.0,6,0.0
20042602.0,2,0.0
20042603.0,9,0.0
20050101.0,158,0.0
20050102.0,167,0.0
20050103.0,276,0.29347826086956524
20050104.0,500,0.0
20050105.0,214,0.0
20050106.0,852,0.10211267605633803
20050107.0,126,0.0
20050108.0,201,0.0
20050109.0,40,0.0
20050110.0,30,0.0
20050201.0,550,0.05272727272727273
20050202.0,327,0.25688073394495414
20050203.0,318,0.2358490566037736
20050204.0,53,0.0
20050205.0,137,0.0
20050206.0,103,0.0
20050207.0,267,0.5355805243445693
20050208.0,403,0.456575682382134
20050209.0,182,0.0
20050210.0,126,0.0
20050211.0,707,0.8359264497878359
20050301.0,293,0.0
20050302.0,392,0.18112244897959184
20050303.0,230,0.0
20050304.0,98,0.0
20050305.0,108,0.0
20050306.0,109,0.0
20050307.0,93,0.3118279569892473
20050308.0,79,0.0
20050309.0,51,0.0
20050310.0,191,0.0
20050311.0,74,0.0
20050401.0,246,0.0
20050402.0,276,0.6920289855072463
20050403.0,383,0.17493472584856398
20050404.0,52,0.0
20050405.0,225,0.13333333333333333
20050406.0,668,0.6422155688622755
20050407.0,356,0.2808988764044944
20050408.0,540,0.12777777777777777
20050409.0,283,0.3250883392226148
20050501.0,55,0.0
20050502.0,536,0.0
20050503.0,190,0.0
20050504.0,332,0.14457831325301204
20050505.0,239,0.0
20050506.0,135,0.0
20050507.0,70,0.0
20050508.0,198,0.0
20050601.0,595,0.6336134453781512
20050602.0,471,0.6390658174097664
20050603.0,151,0.0
20050604.0,547,0.7257769652650823
20050605.0,44,0.0
20050606.0,89,0.0
20050607.0,127,0.0
20050608.0,95,0.0
20050701.0,68,0.0
20050702.0,179,0.3575418994413408
20050703.0,104,0.41346153846153844
20050704.0,176,0.0
20050705.0,375,0.264
20050706.0,128,0.0
20050707.0,959,0.4358706986444213
20050708.0,325,0.2523076923076923
20050801.0,340,0.4088235294117647
20050802.0,284,0.0
20050803.0,539,0.6048237476808905
20050804.0,78,0.2692307692307692
20050805.0,83,0.0
20050806.0,529,0.7088846880907372
20050807.0,73,0.5753424657534246
20050808.0,55,0.2909090909090909
20050809.0,239,0.45188284518828453
20050901.0,327,0.4923547400611621
20050902.0,207,0.5410628019323671
20050903.0,204,0.6568627450980392
20050904.0,80,0.0
20050905.0,259,0.20077220077220076
20050906.0,116,0.0
20050907.0,450,0.0
20050908.0,133,0.0
20050909.0,91,0.18681318681318682
20050910.0,24,0.0
20051001.0,241,0.0954356846473029
20051002.0,40,0.0
20051003.0,158,0.0
20051004.0,30,0.0
20051005.0,188,0.13829787234042554
20051006.0,303,0.297029702970297
20051007.0,326,0.18711656441717792
20051008.0,110,0.0
20051009.0,53,0.0
20051010.0,195,0.17435897435897435
20051101.0,450,0.3088888888888889
20051102.0,146,0.0
20051103.0,202,0.44554455445544555
20051104.0,347,0.0
20051105.0,182,0.3901098901098901
20051106.0,455,0.5296703296703297
20051107.0,123,0.0
20051108.0,101,0.36633663366336633
20051109.0,822,0.17761557177615572
20051110.0,106,0.0
20051201.0,232,0.0
20051202.0,816,0.18259803921568626
20051203.0,206,0.2912621359223301
20051204.0,91,0.0
20051205.0,95,0.0
20051206.0,582,0.3917525773195876
20051207.0,310,0.15483870967741936
20051301.0,313,0.4185303514376997
20051302.0,173,0.5028901734104047
20051303.0,87,0.0
20051304.0,698,0.22206303724928367
20051305.0,103,0.3106796116504854
20051306.0,345,0.5130434782608696
20051307.0,260,0.0
20051308.0,328,0.0975609756097561
20051309.0,188,0.0
20051401.0,102,0.0
20051402.0,170,0.0
20051403.0,144,0.1875
20051404.0,80,0.0
20051405.0,186,0.3763440860215054
20051406.0,165,0.19393939393939394
20051407.0,1088,0.265625
20051408.0,183,0.32786885245901637
20051409.0,161,0.0
20051501.0,108,0.0
20051502.0,297,0.6195286195286195
20051503.0,435,0.8114942528735632
20051504.0,36,0.0
20051505.0,184,0.0
20051506.0,101,0.6732673267326733
20051507.0,60,0.0
20051508.0,189,0.0
20051509.0,189,0.43386243386243384
20051601.0,82,0.0
20051602.0,65,0.0
20051603.0,22,0.0
20051604.0,127,0.3779527559055118
20051605.0,139,0.0
20051606.0,55,0.0
20051607.0,132,0.0
20051608.0,212,0.0
20051609.0,202,0.48514851485148514
20051610.0,73,0.0
20051611.0,404,0.06435643564356436
20051701.0,160,0.2625
20051702.0,70,0.0
20051703.0,21,0.0
20051704.0,125,0.0
20051705.0,210,0.4142857142857143
20051706.0,59,0.0
20051707.0,147,0.0
20051708.0,203,0.0
20051709.0,528,0.9545454545454546
20051710.0,108,0.0
20051711.0,228,0.41228070175438597
20051801.0,444,0.33783783783783783
20051802.0,188,0.0
20051803.0,167,0.0
20051804.0,296,0.10810810810810811
20051805.0,144,0.0
20051806.0,256,0.33984375
20051807.0,22,0.0
20051808.0,176,0.0
20051809.0,184,0.7065217391304348
20051810.0,44,0.0
20051811.0,228,0.5657894736842105
20051901.0,331,0.6314199395770392
20051902.0,102,0.0
20051903.0,501,0.18562874251497005
20051904.0,399,0.0
20051905.0,63,0.0
20051906.0,186,0.5698924731182796
20051907.0,43,0.0
20051908.0,81,0.0
20051909.0,25,0.0
20051910.0,373,0.0
20051911.0,131,0.0
20052001.0,248,0.0
20052002.0,226,0.0
20052003.0,81,0.20987654320987653
20052004.0,196,0.39285714285714285
20052005.0,132,0.24242424242424243
20052006.0,257,0.0
20052007.0,66,0.0
20052008.0,57,0.0
20052009.0,222,0.13513513513513514
20052010.0,333,0.19519519519519518
20052011.0,187,0.0
20052012.0,123,0.4796747967479675
20052101.0,584,0.0
20052102.0,120,0.0
20052103.0,134,0.0
20052104.0,233,0.0
20052105.0,83,0.0
20052106.0,95,0.0
20052107.0,135,0.1037037037037037
20052108.0,30,0.0
20052109.0,199,0.16080402010050251
20052110.0,474,0.47257383966244726
20052111.0,108,0.0
20052201.0,166,0.0
20052202.0,224,0.0
20052203.0,96,0.0
20052204.0,144,0.2986111111111111
20052205.0,86,0.0
20052206.0,107,0.3644859813084112
20052207.0,210,0.14285714285714285
20052208.0,35,0.0
20052209.0,97,0.0
20052210.0,53,0.0
20052211.0,69,0.0
20052212.0,283,0.0
20052213.0,118,0.3474576271186441
20060101.0,125,0.0
20060102.0,284,0.6373239436619719
20060103.0,123,0.0
20060104.0,143,0.16783216783216784
20060105.0,345,0.6028985507246377
20060106.0,341,0.1906158357771261
20060107.0,81,0.0
20060108.0,93,0.23655913978494625
20060109.0,538,0.8940520446096655
20060110.0,247,0.12955465587044535
20060111.0,177,0.23163841807909605
20060112.0,60,0.0
20060201.0,588,0.5884353741496599
20060202.0,502,0.1693227091633466
20060203.0,306,0.0
20060204.0,194,0.0
20060205.0,609,0.13957307060755336
20060206.0,44,0.0
20060207.0,22,0.0
20060208.0,118,0.5254237288135594
20060209.0,125,0.0
20060210.0,172,0.0
20060211.0,340,0.18529411764705883
20060301.0,373,0.1903485254691689
20060302.0,162,0.1728395061728395
20060303.0,69,0.0
20060304.0,322,0.7763975155279503
20060305.0,27,0.0
20060306.0,59,0.0
20060307.0,72,0.0
20060308.0,120,0.4666666666666667
20060309.0,309,0.2815533980582524
20060310.0,711,0.6090014064697609
20060401.0,60,0.45
20060402.0,107,0.0
20060403.0,103,0.0
20060404.0,354,0.0
20060405.0,119,0.0
20060406.0,293,0.6143344709897611
20060407.0,277,0.6137184115523465
20060408.0,197,0.0
20060409.0,254,0.14566929133858267
20060410.0,73,0.0
20060411.0,91,0.0
20060501.0,16,0.0
20060502.0,135,0.0
20060503.0,111,0.0
20060504.0,114,0.4473684210526316
20060505.0,261,0.0
20060506.0,121,0.0
20060507.0,488,0.5635245901639344
20060508.0,28,0.0
20060509.0,14,0.0
20060510.0,236,0.4661016949152542
20060511.0,349,0.05730659025787966
20060512.0,57,0.0
20060601.0,61,0.0
20060602.0,264,0.0
20060603.0,195,0.0
20060604.0,254,0.8031496062992126
20060605.0,145,0.0
20060606.0,406,0.3694581280788177
20060607.0,86,0.0
20060608.0,173,0.4393063583815029
20060609.0,247,0.0
20060701.0,57,0.0
20060702.0,302,0.2814569536423841
20060703.0,337,0.1394658753709199
20060704.0,209,0.0
20060705.0,279,0.21863799283154123
20060706.0,1257,0.16865552903739062
20060707.0,456,0.5482456140350878
20060708.0,136,0.0
20060709.0,170,0.14705882352941177
20060710.0,223,0.6905829596412556
20060711.0,31,0.0
20060712.0,106,0.0
20060713.0,49,0.0
20060801.0,174,0.21839080459770116
20060802.0,357,0.17086834733893558
20060803.0,198,0.0
20060804.0,475,0.7347368421052631
20060805.0,163,0.0
20060806.0,138,0.2463768115942029
20060807.0,335,0.48656716417910445
20060808.0,247,0.340080971659919
20060809.0,153,0.0
20060810.0,24,0.0
20060901.0,118,0.0
20060902.0,283,0.0
20060903.0,993,0.030211480362537766
20060904.0,323,0.0
20060905.0,323,0.6470588235294118
20060906.0,942,0.2526539278131635
20060907.0,117,0.3247863247863248
20060908.0,233,0.0
20060909.0,139,0.0
20060910.0,256,0.0
20061001.0,516,0.5503875968992248
20061002.0,30,0.0
20061003.0,241,0.4730290456431535
20061004.0,117,0.0
20061005.0,598,0.3394648829431438
20061006.0,190,0.29473684210526313
20061007.0,348,0.3045977011494253
20061008.0,412,0.0
20061009.0,56,0.26785714285714285
20061010.0,98,0.4897959183673469
20061101.0,462,0.19264069264069264
20061102.0,175,0.18285714285714286
20061103.0,131,0.0
20061104.0,142,0.0
20061105.0,202,0.0
20061106.0,136,0.0
20061107.0,120,0.4
20061108.0,286,0.0
20061109.0,57,0.0
20061110.0,22,0.0
20061201.0,11,0.0
20061202.0,80,0.0
20061203.0,1316,0.20592705167173253
20061204.0,164,0.07926829268292683
20061205.0,194,0.5309278350515464
20061206.0,58,0.0
20061207.0,236,0.0
20061208.0,119,0.0
20061209.0,119,0.16806722689075632
20061210.0,101,0.0
20061211.0,447,0.3713646532438479
20061212.0,85,0.6823529411764706
20061301.0,127,0.4094488188976378
20061302.0,101,0.0
20061303.0,181,0.0
20061304.0,232,0.0
20061305.0,111,0.0
20061306.0,163,0.3374233128834356
20061307.0,269,0.1895910780669145
20061308.0,397,0.0
20061309.0,359,0.3983286908077994
20061401.0,20,0.0
20061402.0,120,0.0
20061403.0,89,0.0
20061404.0,205,0.0
20061405.0,119,0.0
20061406.0,702,0.6410256410256411
20061407.0,71,0.0
20061408.0,105,0.0
20061409.0,773,0.39715394566623546
20061410.0,198,0.2222222222222222
20061501.0,336,0.25297619047619047
20061502.0,215,0.0
20061503.0,218,0.0
20061504.0,98,0.0
20061505.0,63,0.0
20061506.0,342,0.35964912280701755
20061507.0,459,0.42701525054466233
20061508.0,22,0.0
20061509.0,337,0.0
20061510.0,195,0.0
20061601.0,232,0.8275862068965517
20061602.0,89,0.0
20061603.0,114,0.22807017543859648
20061604.0,72,0.0
20061605.0,234,0.10683760683760683
20061606.0,151,0.0
20061607.0,83,0.4457831325301205
20061608.0,199,0.3869346733668342
20061609.0,145,0.0
20061610.0,134,0.0
20061611.0,158,0.0
20061701.0,373,0.35924932975871315
20061702.0,148,0.0
20061703.0,79,0.0
20061704.0,27,0.0
20061705.0,169,0.1301775147928994
20061706.0,71,0.0
20061707.0,135,0.5185185185185185
20061801.0,515,0.062135922330097085
20061802.0,694,0.5187319884726225
20061803.0,197,0.3604060913705584
20061804.0,670,0.18059701492537314
20061805.0,425,0.0
20061806.0,524,0.2099236641221374
20061807.0,856,0.37850467289719625
20061808.0,205,0.3853658536585366
20061809.0,160,0.0
20061901.0,214,0.3644859813084112
20061902.0,55,0.0
20061903.0,70,0.0
20061904.0,431,0.4918793503480278
20061905.0,358,0.09776536312849161
20061906.0,41,0.0
20061907.0,42,0.0
20061908.0,28,0.0
20062001.0,222,0.35135135135135137
20062002.0,90,0.0
20062003.0,585,0.37606837606837606
20062004.0,381,0.6272965879265092
20062005.0,146,0.6164383561643836
20062006.0,61,0.0
20062007.0,132,0.0
20062008.0,278,0.09712230215827339
20062009.0,179,0.0
20062010.0,210,0.6142857142857143
20062101.0,108,0.0
20062102.0,160,0.3375
20062103.0,293,0.37542662116040953
20062104.0,83,0.0
20062105.0,109,0.0
20062106.0,81,0.0
20062107.0,232,0.0
20062108.0,264,0.18181818181818182
20062109.0,427,0.702576112412178
20062110.0,76,0.19736842105263158
20062111.0,265,0.0
20070101.0,76,0.0
20070102.0,44,0.0
20070103.0,133,0.45864661654135336
20070104.0,135,0.0
20070105.0,23,0.0
20070106.0,296,0.0
20070107.0,95,0.0
20070108.0,358,0.09217877094972067
20070109.0,146,0.0
20070110.0,538,0.08921933085501858
20070201.0,107,0.37383177570093457
20070202.0,136,0.0
20070203.0,114,0.0
20070204.0,133,0.0
20070205.0,44,0.0
20070206.0,211,0.0
20070207.0,134,0.0
20070208.0,300,0.41
20070209.0,147,0.0
20070301.0,67,0.0
20070302.0,192,0.140625
20070303.0,152,0.5526315789473685
20070304.0,173,0.0
20070305.0,230,0.5347826086956522
20070306.0,177,0.5254237288135594
20070307.0,104,0.0
20070308.0,66,0.0
20070309.0,78,0.0
20070310.0,119,0.25210084033613445
20070401.0,30,0.0
20070402.0,78,0.0
20070403.0,198,0.0
20070404.0,16,0.0
20070405.0,86,0.0
20070406.0,114,0.7982456140350878
20070407.0,115,0.0
20070408.0,139,0.7338129496402878
20070409.0,176,0.4090909090909091
20070410.0,167,0.1437125748502994
20070501.0,336,0.34226190476190477
20070502.0,177,0.0
20070503.0,337,0.0
20070504.0,148,0.14864864864864866
20070505.0,524,0.09541984732824428
20070506.0,161,0.0
20070507.0,210,0.580952380952381
20070508.0,51,0.0
20070509.0,506,0.4644268774703557
20070601.0,84,0.0
20070602.0,47,0.0
20070603.0,31,0.0
20070604.0,61,0.0
20070605.0,47,0.0
20070606.0,143,0.0
20070607.0,128,0.0
20070608.0,470,0.2127659574468085
20070609.0,287,0.4529616724738676
20070701.0,156,0.0
20070702.0,177,0.0
20070703.0,196,0.0
20070704.0,87,0.2988505747126437
20070705.0,34,0.0
20070706.0,320,0.7625
20070707.0,211,0.12796208530805686
20070708.0,171,0.5964912280701754
20070709.0,310,0.0
20070710.0,267,0.0
20070711.0,192,0.0
20070801.0,50,0.0
20070802.0,277,0.5451263537906137
20070803.0,129,0.23255813953488372
20070804.0,260,0.1576923076923077
20070805.0,246,0.3170731707317073
20070806.0,48,0.0
20070807.0,51,0.4117647058823529
20070808.0,92,0.0
20070901.0,169,0.0
20070902.0,189,0.0
20070903.0,143,0.0
20070904.0,322,0.30434782608695654
20070905.0,229,0.0
20070906.0,256,0.0
20070907.0,55,0.0
20070908.0,485,0.33814432989690724
20070909.0,112,0.0
20070910.0,98,0.0
20070911.0,72,0.0
20071001.0,543,0.3425414364640884
20071002.0,360,0.15833333333333333
20071003.0,105,0.23809523809523808
20071004.0,137,0.0
20071005.0,159,0.7735849056603774
20071006.0,125,0.0
20071007.0,217,0.5576036866359447
20071008.0,182,0.18681318681318682
20071009.0,232,0.0
20071010.0,213,0.23943661971830985
20071101.0,41,0.0
20071102.0,300,0.44
20071103.0,163,0.3987730061349693
20071104.0,518,0.21042471042471042
20071105.0,221,0.31221719457013575
20071106.0,344,0.0755813953488372
20071107.0,64,0.0
20071108.0,192,0.08333333333333333
20071109.0,271,0.33948339483394835
20071110.0,40,0.0
20071201.0,201,0.0
20071202.0,178,0.0
20071203.0,135,0.0
20071204.0,154,0.3051948051948052
20071205.0,145,0.0
20071206.0,324,0.1388888888888889
20071207.0,544,0.0
20071208.0,86,0.0
20071209.0,139,0.7553956834532374
20071301.0,130,0.0
20071302.0,116,0.41379310344827586
20071303.0,121,0.23140495867768596
20071304.0,309,0.29449838187702265
20071305.0,167,0.47904191616766467
20071306.0,207,0.0
20071307.0,56,0.0
20071308.0,62,0.0
20071309.0,52,0.0
20071310.0,99,0.0
20071311.0,184,0.0
20071312.0,231,0.0
20071313.0,109,0.0
20071314.0,194,0.0
20071315.0,272,0.3786764705882353
20071401.0,182,0.2032967032967033
20071402.0,182,0.0
20071403.0,243,0.18930041152263374
20071404.0,108,0.0
20071405.0,350,0.39714285714285713
20071406.0,319,0.774294670846395
20071407.0,188,0.3776595744680851
20071408.0,235,0.0
20071409.0,273,0.19413919413919414
20071410.0,154,0.0
20071411.0,441,0.5827664399092971
20071412.0,47,0.0
20071413.0,540,0.38333333333333336
20071501.0,178,0.0
20071502.0,543,0.17679558011049723
20071503.0,406,0.6059113300492611
20071504.0,80,0.0
20071505.0,134,0.12686567164179105
20071506.0,108,0.0
20071507.0,46,0.0
20071508.0,24,0.0
20071509.0,72,0.0
20071510.0,171,0.0
20071511.0,22,0.0
20071601.0,292,0.5753424657534246
20071602.0,100,0.4
20071603.0,81,0.0
20071604.0,347,0.21037463976945245
20071605.0,160,0.23125
20071606.0,367,0.4550408719346049
20071607.0,134,0.0
20071608.0,425,0.64
20071609.0,108,0.0
20071701.0,102,0.0
20071703.0,2,0.0
20071704.0,6,0.0
20071705.0,2,0.0
20071706.0,3,0.0
20071707.0,1,0.0
20071709.0,5,0.0
20071710.0,5,0.0
20071711.0,2,0.0
20071801.0,4,0.0
20071803.0,48,0.0
20071805.0,1,0.0
20071806.0,317,0.20189274447949526
20071807.0,25,0.0
20071808.0,30,0.0
20071809.0,77,0.5844155844155844
20071810.0,9,0.0
20071901.0,57,0.9473684210526315
20071902.0,36,0.0
20071903.0,7,0.0
20071904.0,5,0.0
20071905.0,4,0.0
20071906.0,3,0.0
20072001.0,153,0.5294117647058824
20072002.0,13,0.0
20072003.0,9,0.0
20072004.0,14,0.0
20072005.0,97,0.0
20072006.0,172,0.09883720930232558
20072007.0,175,0.12
20072008.0,1084,0.7592250922509225
20072009.0,19,0.0
20072010.0,126,0.0
20072011.0,219,0.2968036529680365
20072012.0,151,0.0
20072013.0,119,0.0
20072101.0,135,0.0
20072102.0,371,0.5768194070080862
20072103.0,76,0.0
20072104.0,19,0.0
20072105.0,49,0.0
20072106.0,22,0.0
20072107.0,81,0.0
20072108.0,824,0.08131067961165049
20072109.0,7,0.0
20072110.0,9,0.0
20072111.0,90,0.0
20072112.0,132,0.0
20072201.0,57,0.0
20072202.0,350,0.09428571428571429
20072203.0,656,0.0
20072204.0,188,0.39893617021276595
20072205.0,380,0.3131578947368421
20072206.0,110,0.0
20072207.0,144,0.0
20072208.0,227,0.1145374449339207
20072209.0,153,0.0
20072210.0,204,0.5882352941176471
20072211.0,187,0.17647058823529413
20072212.0,52,0.5384615384615384
20072213.0,201,0.26865671641791045
20072301.0,414,0.12560386473429952
20072302.0,425,0.07529411764705882
20072303.0,55,0.0
20072304.0,137,0.40145985401459855
20072305.0,640,0.2203125
20072306.0,281,0.19217081850533807
20072307.0,175,0.32571428571428573
20072308.0,53,0.0
20072309.0,182,0.45604395604395603
20072401.0,171,0.0
20072402.0,184,0.0
20072403.0,126,0.4444444444444444
20072404.0,597,0.440536013400335
20072405.0,113,0.0
20072406.0,230,0.4826086956521739
20072407.0,408,0.0
20072408.0,288,0.5798611111111112
20072409.0,436,0.8371559633027523
20072410.0,83,0.0
20072411.0,269,0.1524163568773234
20080101.0,338,0.6597633136094675
20080102.0,331,0.3474320241691843
20080103.0,2,0.0
20080104.0,49,0.6122448979591837
20080105.0,34,0.0
20080106.0,2,0.0
20080107.0,54,0.0
20080108.0,357,0.6190476190476191
20080109.0,114,0.34210526315789475
20080110.0,1,0.0
20080111.0,1,0.0
20080112.0,28,0.0
20080201.0,7,0.0
20080202.0,31,0.0
20080203.0,11,0.0
20080204.0,11,0.0
20080205.0,139,0.1510791366906475
20080206.0,3,0.0
20080207.0,41,0.0
20080208.0,83,0.0
20080209.0,101,0.0
20080210.0,21,0.0
20080301.0,63,0.0
20080302.0,245,0.2857142857142857
20080303.0,121,0.0
20080304.0,138,0.17391304347826086
20080305.0,791,0.0
20080306.0,257,0.21011673151750973
20080307.0,410,0.0
20080308.0,136,0.0
20080309.0,290,0.0
20080310.0,75,0.0
20080401.0,149,0.21476510067114093
20080402.0,54,0.0
20080403.0,76,0.0
20080404.0,139,0.0
20080405.0,200,0.0
20080406.0,308,0.0
20080407.0,203,0.16748768472906403
20080408.0,133,0.13533834586466165
20080409.0,306,0.3137254901960784
20080410.0,363,0.349862258953168
20080411.0,227,0.07048458149779736
20080501.0,414,0.6521739130434783
20080502.0,223,0.18834080717488788
20080503.0,83,0.0
20080504.0,382,0.56282722513089
20080505.0,73,0.0
20080506.0,501,0.1157684630738523
20080507.0,356,0.0
20080508.0,34,0.0
20080509.0,162,0.6666666666666666
20080510.0,137,0.0
20080511.0,102,0.0
20080601.0,203,0.0
20080602.0,116,0.0
20080603.0,285,0.0
20080604.0,424,0.07783018867924528
20080605.0,259,0.05791505791505792
20080606.0,65,0.0
20080607.0,160,0.0
20080608.0,135,0.17777777777777778
20080609.0,152,0.0
20080610.0,125,0.0
20080611.0,11,0.0
20080701.0,80,0.875
20080702.0,23,0.0
20080703.0,22,0.0
20080704.0,2,0.0
20080705.0,6,0.0
20080706.0,32,0.0
20080707.0,12,0.0
20080708.0,7,0.0
20080709.0,2,0.0
20080710.0,6,0.0
20080711.0,53,0.0
20080712.0,39,0.0
20080713.0,29,0.0
20080714.0,351,0.0
20080801.0,401,0.0
20080802.0,316,0.4651898734177215
20080803.0,96,0.0
20080804.0,175,0.0
20080805.0,174,0.0
20080806.0,361,0.0
20080807.0,647,0.7357032457496137
20080808.0,71,0.0
20080809.0,216,0.0
20080810.0,252,0.4166666666666667
20080811.0,210,0.0
20080901.0,580,0.05
20080902.0,353,0.1388101983002833
20080903.0,579,0.039723661485319514
20080904.0,349,0.2664756446991404
20080905.0,209,0.0
20080906.0,60,0.0
20080907.0,397,0.0
20080908.0,206,0.0
20080909.0,329,0.44680851063829785
20081001.0,87,0.40229885057471265
20081002.0,259,0.3590733590733591
20081003.0,191,0.24607329842931938
20081004.0,98,0.19387755102040816
20081005.0,190,0.5894736842105263
20081006.0,77,0.0
20081007.0,404,0.23267326732673269
20081008.0,966,0.2039337474120083
20081101.0,165,0.0
20081102.0,62,0.5161290322580645
20081103.0,293,0.5119453924914675
20081104.0,149,0.5302013422818792
20081105.0,7,0.0
20081201.0,449,0.779510022271715
20081202.0,74,0.0
20081203.0,264,0.42803030303030304
20081204.0,99,0.48484848484848486
20081205.0,206,0.41262135922330095
20081206.0,705,0.7276595744680852
20081207.0,1243,0.4094931617055511
20081301.0,755,0.10066225165562914
20081302.0,302,0.6556291390728477
20081303.0,292,0.0
20081304.0,686,0.1326530612244898
20081305.0,91,0.0
20081306.0,66,0.0
20081307.0,176,0.0
20081308.0,223,0.8161434977578476
20081401.0,14,0.0
20081402.0,91,0.978021978021978
20081403.0,8,0.0
20081404.0,664,0.34487951807228917
20081405.0,162,0.0
20081406.0,293,0.42662116040955633
20081407.0,317,0.2555205047318612
20081408.0,231,0.0
20081409.0,28,0.0
20081410.0,53,0.0
20081501.0,194,0.0
20081502.0,2,0.0
20081503.0,7,0.0
20081504.0,2,0.0
20081505.0,3,0.0
20081506.0,2,0.0
20081507.0,170,0.0
20081508.0,10,0.0
20081509.0,8,0.0
20081510.0,176,0.0
20081601.0,84,0.0
20081602.0,14,0.0
20081603.0,27,0.0
20081604.0,75,0.0
20081605.0,86,0.0
20081606.0,2,0.0
20081607.0,62,0.0
20081608.0,5,0.0
20081609.0,117,0.7435897435897436
20081610.0,797,0.8607277289836889
20081701.0,52,0.0
20081702.0,22,0.0
20081703.0,90,0.0
20081704.0,23,0.0
20081705.0,426,0.0
20090101.0,319,0.0
20090102.0,1693,0.18428824571766095
20090103.0,383,0.6292428198433421
20090104.0,288,0.0
20090105.0,645,0.48527131782945737
20090106.0,373,0.3646112600536193
20090107.0,352,0.0
20090108.0,129,0.0
20090109.0,347,0.0
20090201.0,110,0.0
20090202.0,72,0.0
20090203.0,258,0.5310077519379846
20090204.0,328,0.47560975609756095
20090205.0,140,0.0
20090206.0,37,0.0
20090207.0,54,0.0
20090208.0,432,0.0
20090209.0,156,0.5064102564102564
20090210.0,410,0.0
20090211.0,225,0.0
20090212.0,903,0.8161683277962348
20090301.0,207,0.0
20090302.0,264,0.0
20090303.0,204,0.0
20090304.0,318,0.05345911949685535
20090305.0,79,0.0
20090306.0,285,0.6526315789473685
20090307.0,769,0.1378413524057217
20090308.0,446,0.1860986547085202
20090309.0,167,0.0
20090310.0,626,0.1757188498402556
20090311.0,248,0.27419354838709675
20090312.0,99,0.0
20090313.0,451,0.0
20090401.0,248,0.14919354838709678
20090402.0,43,0.0
20090403.0,26,0.0
20090404.0,548,0.44525547445255476
20090405.0,363,0.559228650137741
20090406.0,251,0.0
20090407.0,103,0.0
20090408.0,149,0.37583892617449666
20090409.0,287,0.0
20090410.0,42,0.0
20090411.0,36,0.0
20090501.0,242,0.0
20090502.0,184,0.21195652173913043
20090503.0,250,0.0
20090504.0,103,0.0
20090505.0,489,0.19222903885480572
20090506.0,154,0.0
20090507.0,471,0.37154989384288745
20090508.0,293,0.0
20090509.0,281,0.0
20090510.0,300,0.0
20090511.0,400,0.2525
20090601.0,518,0.3552123552123552
20090602.0,118,0.0
20090603.0,289,0.0
20090604.0,388,0.0
20090605.0,339,0.0
20090606.0,126,0.30158730158730157
20090607.0,109,0.0
20090608.0,444,0.4009009009009009
20090609.0,153,0.0
20090610.0,382,0.39267015706806285
20090611.0,276,0.4746376811594203
20090612.0,77,0.0
20090701.0,676,0.6005917159763313
20090702.0,451,0.23059866962305986
20090703.0,162,0.3950617283950617
20090704.0,177,0.0
20090705.0,336,0.0
20090706.0,455,0.7186813186813187
20090707.0,284,0.16901408450704225
20090708.0,364,0.12912087912087913
20090709.0,140,0.1357142857142857
20090710.0,85,0.0
20090711.0,221,0.3755656108597285
20090712.0,291,0.4054982817869416
20090713.0,79,0.0
20090714.0,373,0.6005361930294906
20090801.0,675,0.0
20090802.0,313,0.08306709265175719
20090803.0,417,0.20623501199040767
20090804.0,510,0.3215686274509804
20090805.0,139,0.0
20090806.0,180,0.0
20090807.0,71,0.0
20090808.0,212,0.0
20090809.0,433,0.6351039260969977
20090810.0,294,0.30952380952380953
20090811.0,260,0.0
20090812.0,288,0.0
20090813.0,171,0.391812865497076
20090901.0,92,0.1956521739130435
20090902.0,134,0.0
20090903.0,103,0.0
20090904.0,98,0.0
20090905.0,158,0.0
20090906.0,341,0.0
20090907.0,339,0.32448377581120946
20090908.0,24,0.0
20090909.0,369,0.5609756097560976
20090910.0,222,0.35585585585585583
20090911.0,98,0.0
20090912.0,301,0.0
20090913.0,73,0.0
20090914.0,601,0.6638935108153078
20091001.0,380,0.5289473684210526
20091002.0,48,0.0
20091003.0,318,0.5723270440251572
20091004.0,197,0.7918781725888325
20091005.0,76,0.0
20091006.0,395,0.1518987341772152
20091007.0,180,0.42777777777777776
20091008.0,73,0.0
20091009.0,202,0.0
20091010.0,41,0.0
20091011.0,9,0.0
20091012.0,6,0.0
20091101.0,240,0.0
20091102.0,131,0.0
20091103.0,125,0.0
20091104.0,216,0.19907407407407407
20091105.0,256,0.0
20091106.0,267,0.49812734082397003
20091107.0,203,0.0
20091108.0,62,0.0
20091109.0,101,0.0
20091110.0,123,0.5365853658536586
20091111.0,130,0.6846153846153846
20091112.0,154,0.0
20091201.0,255,0.0
20091202.0,1289,0.3235065942591156
20091203.0,205,0.13170731707317074
20091204.0,74,0.0
20091205.0,51,0.0
20091206.0,59,0.0
20091207.0,114,0.2543859649122807
20091208.0,193,0.0
20091209.0,218,0.0
20091210.0,635,0.35748031496062993
20091211.0,245,0.0
20091212.0,175,0.5485714285714286
20091301.0,777,0.05019305019305019
20091302.0,549,0.48816029143898
20091303.0,153,0.20261437908496732
20091304.0,680,0.27058823529411763
20091305.0,135,0.0
20091306.0,102,0.0
20091307.0,164,0.2621951219512195
20091401.0,281,0.0
20091402.0,146,0.0
20091403.0,105,0.0
20091404.0,161,0.0
20091405.0,8,0.0
20091406.0,126,0.0
20091407.0,15,0.0
20091408.0,15,0.0
20091409.0,39,0.0
20091410.0,44,0.0
20091501.0,143,0.1888111888111888
20091502.0,178,0.0
20091503.0,156,0.0
20091504.0,395,0.6455696202531646
20091505.0,361,0.6620498614958449
20091506.0,298,0.38926174496644295
20091507.0,208,0.0
20091508.0,188,0.0
20091509.0,210,0.0
20091510.0,434,0.7465437788018433
20091511.0,267,0.3857677902621723
20091601.0,554,0.5216606498194946
20091602.0,183,0.6775956284153005
20091603.0,47,0.0
20091604.0,625,0.04
20091605.0,161,0.0
20091606.0,188,0.18085106382978725
20091607.0,335,0.14925373134328357
20091608.0,398,0.271356783919598
20091609.0,105,0.0
20091610.0,160,0.33125
20091611.0,25,0.0
20091612.0,624,0.46634615384615385
20091613.0,136,0.2426470588235294
20100101.0,564,0.20567375886524822
20100102.0,272,0.11397058823529412
20100103.0,535,0.45794392523364486
20100104.0,273,0.20512820512820512
20100105.0,114,0.0
20100106.0,275,0.0
20100107.0,712,0.15589887640449437
20100108.0,539,0.0
20100201.0,1347,0.5063103192279139
20100202.0,53,0.0
20100203.0,177,0.7005649717514124
20100204.0,327,0.0
20100205.0,362,0.3812154696132597
20100206.0,592,0.16722972972972974
20100207.0,214,0.0
20100208.0,89,0.0
20100301.0,92,0.0
20100302.0,172,0.0
20100303.0,263,0.4790874524714829
20100304.0,63,0.0
20100305.0,395,0.6329113924050633
20100306.0,520,0.15384615384615385
20100307.0,661,0.42208774583963693
20100308.0,381,0.27034120734908135
20100401.0,87,0.0
20100402.0,257,0.0
20100403.0,178,0.0
20100404.0,322,0.21739130434782608
20100405.0,146,0.14383561643835616
20100406.0,82,0.0
20100407.0,61,0.0
20100408.0,510,0.27450980392156865
20100409.0,118,0.0
20100501.0,260,0.6
20100502.0,78,0.0
20100503.0,377,0.29973474801061006
20100504.0,305,0.2983606557377049
20100505.0,519,0.348747591522158
20100506.0,77,0.5194805194805194
20100507.0,142,0.36619718309859156
20100508.0,340,0.4764705882352941
20100509.0,151,0.17218543046357615
20100510.0,410,0.3804878048780488
20100511.0,86,0.0
20100512.0,184,0.0
20100513.0,235,0.6297872340425532
20100514.0,207,0.4782608695652174
20100601.0,203,0.2857142857142857
20100602.0,203,0.3251231527093596
20100603.0,166,0.18072289156626506
20100604.0,104,0.0
20100605.0,252,0.0
20100606.0,327,0.0
20100607.0,126,0.0
20100608.0,135,0.0
20100609.0,428,0.3878504672897196
20100610.0,140,0.0
20100611.0,387,0.7881136950904393
20100612.0,211,0.0
20100613.0,473,0.0
20100701.0,299,0.15384615384615385
20100702.0,401,0.0
20100703.0,239,0.5230125523012552
20100704.0,291,0.3745704467353952
20100705.0,386,0.09326424870466321
20100706.0,234,0.39316239316239315
20100707.0,109,0.0
20100708.0,342,0.16666666666666666
20100709.0,242,0.10743801652892562
20100710.0,1201,0.5120732722731057
20100801.0,237,0.39662447257383965
20100802.0,516,0.45542635658914726
20100803.0,112,0.6160714285714286
20100804.0,119,0.2605042016806723
20100805.0,76,0.0
20100806.0,168,0.0
20100807.0,527,0.4838709677419355
20100808.0,320,0.1375
20100809.0,452,0.2743362831858407
20100901.0,207,0.0
20100902.0,437,0.4645308924485126
20100903.0,350,0.4114285714285714
20100904.0,254,0.6771653543307087
20100905.0,258,0.36046511627906974
20100906.0,289,0.0
20100907.0,325,0.5907692307692308
20100908.0,36,0.0
20100909.0,97,0.0
20100910.0,80,0.0
20101001.0,98,0.0
20101002.0,337,0.2403560830860534
20101003.0,143,0.0
20101004.0,248,0.12096774193548387
20101005.0,227,0.0
20101006.0,438,0.0
20101007.0,317,0.5425867507886435
20101008.0,100,0.0
20101009.0,283,0.36395759717314485
20101010.0,102,0.0
20101011.0,106,0.0
20101012.0,564,0.28191489361702127
20101101.0,235,0.0
20101102.0,193,0.0
20101103.0,139,0.6906474820143885
20101104.0,51,0.0
20101105.0,130,0.0
20101106.0,203,0.42857142857142855
20101107.0,131,0.5954198473282443
20101108.0,152,0.40131578947368424
20101109.0,314,0.678343949044586
20101110.0,188,0.0
20101111.0,130,0.46923076923076923
20101201.0,286,0.10139860139860139
20101202.0,89,0.0
20101203.0,100,0.0
20101204.0,34,0.0
20101205.0,53,0.0
20101206.0,135,0.0
20101207.0,61,0.0
20101208.0,186,0.17204301075268819
20101209.0,141,0.0
20101210.0,253,0.6126482213438735
20101301.0,124,0.0
20101302.0,75,0.0
20101303.0,144,0.0
20101304.0,84,0.5357142857142857
20101305.0,55,0.0
20101306.0,176,0.0
20101307.0,329,0.364741641337386
20101308.0,73,0.0
20101309.0,490,0.7346938775510204
20101310.0,153,0.8627450980392157
20101311.0,115,0.6869565217391305
20101312.0,85,0.0
20101401.0,138,0.16666666666666666
20101402.0,131,0.0
20101403.0,153,0.2549019607843137
20101404.0,532,0.34398496240601506
20101405.0,734,0.23978201634877383
20101406.0,171,0.2046783625730994
20101407.0,227,0.20704845814977973
20101408.0,77,0.35064935064935066
20101409.0,355,0.2676056338028169
20101410.0,88,0.0
20101411.0,209,0.5741626794258373
20101501.0,61,0.0
20101502.0,212,0.27358490566037735
20101503.0,353,0.0
20101504.0,215,0.0
20101505.0,736,0.5991847826086957
20101506.0,284,0.0
20101507.0,165,0.0
20101508.0,656,0.13109756097560976
20101509.0,67,0.44776119402985076
20101601.0,211,0.0
20101602.0,280,0.39285714285714285
20101603.0,41,0.0
20101604.0,567,0.7954144620811288
20101605.0,284,0.0
20101606.0,351,0.5356125356125356
20101607.0,16,0.0
20101608.0,103,0.0
20101609.0,366,0.09016393442622951
20101701.0,338,0.5473372781065089
20101702.0,123,0.0
20101703.0,287,0.2857142857142857
20101704.0,57,0.0
20101705.0,209,0.0
20101706.0,182,0.0
20101707.0,383,0.057441253263707574
20101708.0,276,0.17753623188405798
20101709.0,112,0.0
20101710.0,148,0.0
20101801.0,376,0.48404255319148937
20101802.0,94,0.0
20101803.0,123,0.5121951219512195
20101804.0,307,0.5863192182410424
20101805.0,538,0.06505576208178439
20101806.0,34,0.0
20101807.0,48,0.0
20101808.0,81,0.0
20101809.0,269,0.0
20101810.0,361,0.6869806094182825
20101811.0,474,0.0949367088607595
20101812.0,284,0.23943661971830985
20101901.0,96,0.0
20101902.0,100,0.0
20101903.0,340,0.0
20101904.0,185,0.0
20101905.0,49,0.5306122448979592
20101906.0,75,0.0
20101907.0,190,0.0
20101908.0,174,0.5172413793103449
20101909.0,88,0.0
20101910.0,446,0.4260089686098655
20101911.0,102,0.0
20101912.0,371,0.6819407008086253
20110101.0,393,0.4910941475826972
20110102.0,647,0.0
20110103.0,126,0.42857142857142855
20110104.0,78,0.0
20110105.0,107,0.42990654205607476
20110106.0,177,0.15254237288135594
20110107.0,199,0.2964824120603015
20110108.0,177,0.0
20110109.0,617,0.0
20110110.0,358,0.05307262569832402
20110111.0,153,0.6535947712418301
20110112.0,230,0.0
20110201.0,497,0.4225352112676056
20110202.0,357,0.3389355742296919
20110203.0,175,0.0
20110204.0,233,0.12446351931330472
20110205.0,230,0.0
20110206.0,213,0.0
20110207.0,271,0.0959409594095941
20110208.0,448,0.15848214285714285
20110209.0,271,0.46494464944649444
20110210.0,214,0.19158878504672897
20110211.0,469,0.3624733475479744
20110301.0,221,0.14027149321266968
20110302.0,22,0.0
20110303.0,183,0.0
20110304.0,193,0.0
20110305.0,77,0.0
20110306.0,280,0.0
20110307.0,304,0.24342105263157895
20110308.0,665,0.5022556390977444
20110309.0,251,0.0
20110310.0,190,0.0
20110311.0,92,0.0
20110312.0,542,0.2177121771217712
20110401.0,31,0.0
20110402.0,61,0.3442622950819672
20110403.0,473,0.7441860465116279
20110404.0,782,0.08951406649616368
20110405.0,607,0.2883031301482702
20110406.0,279,0.0
20110407.0,138,0.0
20110408.0,186,0.0
20110409.0,862,0.5533642691415314
20110410.0,337,0.0
20110411.0,188,0.0
20110412.0,171,0.0
20110413.0,403,0.9205955334987593
20110501.0,455,0.07472527472527472
20110502.0,344,0.17732558139534885
20110503.0,143,0.0
20110504.0,215,0.16744186046511628
20110505.0,206,0.36893203883495146
20110506.0,129,0.0
20110507.0,180,0.0
20110508.0,563,0.6269982238010657
20110509.0,107,0.0
20110510.0,309,0.0
20110601.0,156,0.0
20110602.0,464,0.3146551724137931
20110603.0,157,0.0
20110604.0,1271,0.07946498819826908
20110605.0,629,0.3815580286168522
20110606.0,541,0.0
20110607.0,413,0.12590799031476999
20110608.0,316,0.0
20110609.0,190,0.09473684210526316
20110610.0,480,0.7895833333333333
20110611.0,219,0.0639269406392694
20110701.0,204,0.0
20110702.0,155,0.4
20110703.0,217,0.4976958525345622
20110704.0,40,0.0
20110705.0,252,0.6071428571428571
20110706.0,205,0.33658536585365856
20110707.0,353,0.18696883852691218
20110708.0,384,0.2942708333333333
20110709.0,250,0.248
20110710.0,44,0.0
20110711.0,154,0.0
20110712.0,208,0.0
20110801.0,57,0.0
20110802.0,157,0.0
20110803.0,40,0.0
20110804.0,149,0.4429530201342282
20110805.0,36,0.0
20110806.0,239,0.30962343096234307
20110807.0,189,0.0
20110808.0,318,0.2389937106918239
20110809.0,154,0.564935064935065
20110901.0,637,0.6420722135007849
20110902.0,184,0.0
20110903.0,401,0.48877805486284287
20110904.0,243,0.32098765432098764
20110905.0,277,0.6425992779783394
20110906.0,129,0.0
20110907.0,386,0.06476683937823834
20110908.0,142,0.0
20110909.0,35,0.0
20110910.0,36,0.0
20110911.0,326,0.3496932515337423
20110912.0,304,0.09210526315789473
20111001.0,542,0.11254612546125461
20111002.0,224,0.0
20111003.0,39,0.0
20111004.0,77,0.0
20111005.0,137,0.41605839416058393
20111006.0,112,0.19642857142857142
20111007.0,86,0.0
20111008.0,277,0.6750902527075813
20111009.0,141,0.2127659574468085
20111010.0,430,0.10465116279069768
20111101.0,188,0.19148936170212766
20111102.0,158,0.25949367088607594
20111103.0,95,0.0
20111104.0,47,0.0
20111105.0,423,0.15130023640661938
20111106.0,106,0.20754716981132076
20111107.0,412,0.7014563106796117
20111108.0,203,0.0
20111109.0,240,0.23333333333333334
20111201.0,144,0.1736111111111111
20111202.0,259,0.10424710424710425
20111203.0,509,0.5147347740667977
20111204.0,369,0.8753387533875339
20111205.0,72,0.0
20111206.0,125,0.0
20111207.0,55,0.0
20111208.0,36,0.0
20111209.0,352,0.13352272727272727
20111210.0,86,0.0
20111301.0,291,0.29553264604810997
20111302.0,340,0.1
20111303.0,447,0.5055928411633109
20111304.0,207,0.2753623188405797
20111305.0,358,0.07262569832402235
20111306.0,295,0.12542372881355932
20111307.0,257,0.6926070038910506
20111308.0,82,0.0
20111309.0,73,0.0
20111310.0,50,0.0
20111311.0,60,0.0
20111401.0,186,0.0
20111402.0,289,0.05190311418685121
20111403.0,630,0.780952380952381
20111404.0,103,0.0
20111405.0,321,0.0
20111406.0,187,0.1925133689839572
20111407.0,225,0.5333333333333333
20111501.0,385,0.21558441558441557
20111502.0,59,0.0
20111503.0,221,0.11764705882352941
20111504.0,659,0.858877086494689
20111505.0,157,0.0
20111506.0,276,0.36594202898550726
20111507.0,211,0.17535545023696683
20111508.0,71,0.0
20111509.0,174,0.0
20111510.0,161,0.0
20111511.0,248,0.0
20111601.0,134,0.0
20111602.0,131,0.0
20111603.0,86,0.0
20111604.0,532,0.7593984962406015
20111605.0,38,0.0
20111606.0,134,0.0
20111607.0,452,0.5973451327433629
20111608.0,151,0.609271523178808
20111609.0,150,0.44666666666666666
20111610.0,104,0.6826923076923077
20111701.0,90,0.2
20111702.0,32,0.0
20111703.0,116,0.0
20111704.0,36,0.0
20111705.0,130,0.9
20111706.0,455,0.0
20111707.0,579,0.8134715025906736
20111708.0,220,0.19545454545454546
20111801.0,421,0.3254156769596199
20111802.0,31,0.0
20111803.0,210,0.0
20111804.0,484,0.5743801652892562
20111805.0,231,0.09956709956709957
20111806.0,275,0.22181818181818183
20111807.0,117,0.0
20111808.0,340,0.0
20111809.0,68,0.0
20111901.0,145,0.0
20111902.0,362,0.8535911602209945
20111903.0,51,0.0
20111904.0,171,0.13450292397660818
20111905.0,71,0.0
20111906.0,216,0.0
20111907.0,225,0.0
20111908.0,336,0.047619047619047616
20111909.0,144,0.4652777777777778
20112001.0,267,0.09737827715355805
20112002.0,115,0.0
20112003.0,222,0.19369369369369369
20112004.0,290,0.0
20112005.0,512,0.828125
20112006.0,276,0.16666666666666666
20112007.0,696,0.6020114942528736
20112008.0,48,0.0
20112009.0,296,0.0
20112010.0,498,0.10843373493975904
20112011.0,356,0.17415730337078653
20112101.0,127,0.2204724409448819
20112102.0,152,0.0
20112103.0,112,0.22321428571428573
20112104.0,168,0.0
20112105.0,262,0.0
20112106.0,207,0.0
20112107.0,444,0.5157657657657657
20112108.0,327,0.48623853211009177
20112109.0,56,0.0
20112110.0,110,0.0
20112111.0,284,0.0
20112201.0,212,0.0
20112202.0,206,0.5
20112203.0,261,0.08812260536398467
20112204.0,82,0.0
20112205.0,250,0.0
20112206.0,418,0.44258373205741625
20112207.0,236,0.559322033898305
20112208.0,127,0.0
20112209.0,225,0.5777777777777777
20112210.0,192,0.0
20112211.0,55,0.0
20120101.0,556,0.13309352517985612
20120102.0,552,0.06521739130434782
20120103.0,1963,0.11920529801324503
20120104.0,561,0.0
20120105.0,533,0.5065666041275797
20120106.0,248,0.0
20120107.0,425,0.2188235294117647
20120108.0,231,0.29004329004329005
20120109.0,297,0.26262626262626265
20120110.0,177,0.4011299435028249
20120111.0,246,0.483739837398374
20120201.0,869,0.08515535097813579
20120202.0,114,0.0
20120203.0,108,0.2962962962962963
20120204.0,382,0.0
20120205.0,181,0.0
20120206.0,87,0.0
20120207.0,925,0.07675675675675675
20120208.0,520,0.4
20120301.0,2863,0.12574222843171498
20120302.0,581,0.24268502581755594
20120303.0,370,0.1945945945945946
20120304.0,348,0.4540229885057471
20120305.0,179,0.3743016759776536
20120306.0,167,0.11976047904191617
20120307.0,11,0.0
20120308.0,80,0.0
20120309.0,491,0.18737270875763748
20120310.0,80,0.0
20120311.0,345,0.6202898550724638
20120401.0,217,0.0
20120402.0,249,0.26506024096385544
20120403.0,145,0.0
20120404.0,798,0.6453634085213033
20120405.0,946,0.13636363636363635
20120406.0,358,0.0
20120407.0,841,0.2556480380499406
20120408.0,103,0.11650485436893204
20120409.0,120,0.5333333333333333
20120410.0,97,0.0
20120501.0,128,0.21875
20120502.0,104,0.0
20120503.0,479,0.33402922755741127
20120504.0,73,0.3561643835616438
20120505.0,129,0.0
20120506.0,391,0.0
20120507.0,147,0.0
20120508.0,32,0.0
20120509.0,80,0.3625
20120510.0,288,0.625
20120511.0,72,0.0
20120601.0,96,0.0
20120602.0,196,0.0
20120603.0,345,0.17681159420289855
20120604.0,162,0.0
20120605.0,471,0.0
20120606.0,259,0.39768339768339767
20120607.0,141,0.4397163120567376
20120608.0,542,0.474169741697417
20120609.0,137,0.0
20120610.0,116,0.0
20120701.0,164,0.0
20120702.0,210,0.7142857142857143
20120703.0,117,0.0
20120704.0,503,0.3817097415506958
20120705.0,166,0.0
20120706.0,485,0.0
20120707.0,795,0.23018867924528302
20120708.0,344,0.0
20120709.0,1005,0.6039800995024875
20120710.0,174,0.0
20120801.0,557,0.39317773788150806
20120802.0,37,0.0
20120803.0,198,0.07575757575757576
20120804.0,217,0.0
20120805.0,43,0.5116279069767442
20120806.0,295,0.4576271186440678
20120807.0,145,0.32413793103448274
20120808.0,607,0.11696869851729819
20120809.0,201,0.0
20120810.0,121,0.2727272727272727
20120811.0,9,0.0
20120901.0,188,0.0
20120902.0,254,0.0
20120903.0,156,0.09615384615384616
20120904.0,704,0.7585227272727273
20120905.0,455,0.0
20120906.0,220,0.0
20120907.0,199,0.0
20121001.0,246,0.43089430894308944
20121002.0,251,0.40239043824701193
20121003.0,294,0.3299319727891156
20121004.0,365,0.0
20121005.0,103,0.0
20121006.0,179,0.0
20121007.0,178,0.25842696629213485
20121008.0,74,0.0
20121009.0,215,0.07441860465116279
20121010.0,269,0.3382899628252788
20121011.0,494,0.24696356275303644
20121101.0,573,0.731239092495637
20121102.0,34,0.0
20121103.0,100,0.0
20121104.0,285,0.5824561403508772
20121105.0,242,0.0
20121106.0,218,0.5963302752293578
20121107.0,181,0.574585635359116
20121108.0,150,0.34
20121109.0,265,0.2490566037735849
20121110.0,115,0.26956521739130435
20121111.0,135,0.0
20121201.0,151,0.0
20121202.0,84,0.0
20121203.0,62,0.0
20121204.0,235,0.37872340425531914
20121205.0,258,0.0
20121206.0,181,0.7679558011049724
20121207.0,382,0.32460732984293195
20121208.0,122,0.0
20121301.0,279,0.0
20121302.0,432,0.4305555555555556
20121303.0,577,0.8474870017331022
20121304.0,101,0.0
20121305.0,115,0.0
20121306.0,172,0.0
20121307.0,296,0.0
20121401.0,298,0.2785234899328859
20121402.0,639,0.0
20121403.0,308,0.19155844155844157
20121404.0,182,0.0
20121405.0,316,0.056962025316455694
20121406.0,38,0.0
20121407.0,357,0.22969187675070027
20121408.0,172,0.22674418604651161
20121409.0,104,0.36538461538461536
20121410.0,386,0.7512953367875648
20121501.0,322,0.4751552795031056
20121502.0,117,0.28205128205128205
20121503.0,117,0.0
20121504.0,1194,0.551926298157454
20121505.0,339,0.36283185840707965
20121506.0,105,0.0
20121507.0,41,0.0
20121508.0,37,0.0
20121509.0,148,0.19594594594594594
20121510.0,504,0.12103174603174603
20121511.0,392,0.058673469387755105
20121512.0,205,0.5463414634146342
20121513.0,109,0.5596330275229358
20121601.0,433,0.17782909930715934
20121602.0,387,0.5064599483204134
20121603.0,382,0.0
20121604.0,219,0.0
20121605.0,209,0.0
20121606.0,340,0.5941176470588235
20121607.0,188,0.0
20121608.0,193,0.5284974093264249
20121609.0,44,0.0
20121610.0,476,0.4726890756302521
20121611.0,84,0.0
20121612.0,553,0.028933092224231464
20121613.0,59,0.0
20121614.0,25,0.0
20121701.0,182,0.0
20121702.0,378,0.5555555555555556
20121703.0,120,0.0
20121704.0,191,0.4607329842931937
20121705.0,371,0.29110512129380056
20121706.0,110,0.0
20121707.0,154,0.0
20121708.0,373,0.48257372654155495
20121801.0,250,0.164
20121802.0,142,0.22535211267605634
20121803.0,268,0.0
20121804.0,177,0.3898305084745763
20121805.0,600,0.6766666666666666
20121806.0,102,0.0
20121807.0,206,0.0
20121808.0,413,0.3946731234866828
20121809.0,356,0.17415730337078653
20121810.0,529,0.5217391304347826
20121811.0,159,0.0
20121812.0,418,0.0
20121813.0,94,0.0
20121901.0,128,0.0
20121902.0,49,0.0
20121903.0,458,0.09606986899563319
20121904.0,221,0.09502262443438914
20121905.0,271,0.16974169741697417
20121906.0,436,0.6857798165137615
20121907.0,736,0.1793478260869565
20121908.0,191,0.0
20121909.0,65,0.0
20121910.0,164,0.0
20121911.0,353,0.7535410764872521
20121912.0,173,0.0
20121913.0,263,0.07224334600760456
20122001.0,146,0.0
20122002.0,336,0.05952380952380952
20122003.0,290,0.0
20122004.0,216,0.3472222222222222
20122005.0,80,0.0
20122006.0,510,0.03725490196078431
20122007.0,437,0.2311212814645309
20122008.0,221,0.19909502262443438
20122101.0,220,0.509090909090909
20122102.0,65,0.5230769230769231
20122103.0,173,0.36416184971098264
20122104.0,225,0.26222222222222225
20122105.0,335,0.08955223880597014
20122106.0,460,0.0
20122107.0,331,0.6465256797583081
20122108.0,174,0.0
20122109.0,357,0.4481792717086835
20122110.0,202,0.0
20122201.0,30,0.0
20122202.0,99,0.0
20122203.0,308,0.5844155844155844
20122204.0,51,0.0
20122205.0,83,0.5783132530120482
20122206.0,621,0.5974235104669887
20122207.0,257,0.6108949416342413
20122208.0,514,0.4883268482490272
20122209.0,483,0.3167701863354037
20122210.0,194,0.0
20122211.0,140,0.2571428571428571
20130101.0,177,0.0
20130102.0,107,0.0
20130103.0,348,0.10057471264367816
20130104.0,616,0.3425324675324675
20130105.0,105,0.0
20130106.0,451,0.5676274944567627
20130107.0,94,0.0
20130108.0,50,0.0
20130109.0,46,0.0
20130110.0,175,0.0
20130111.0,339,0.775811209439528
20130112.0,191,0.24083769633507854
20130113.0,171,0.4619883040935672
20130114.0,175,0.13714285714285715
20130201.0,151,0.0
20130202.0,262,0.08396946564885496
20130203.0,42,0.0
20130204.0,192,0.0
20130205.0,435,0.0
20130206.0,1032,0.6405038759689923
20130207.0,230,0.4434782608695652
20130208.0,69,0.0
20130209.0,446,0.4618834080717489
20130210.0,1240,0.4290322580645161
20130211.0,148,0.22972972972972974
20130301.0,305,0.0
20130302.0,3017,0.03281405369572423
20130303.0,283,0.0
20130304.0,1120,0.06696428571428571
20130305.0,539,0.11131725417439703
20130306.0,342,0.38011695906432746
20130307.0,192,0.28125
20130308.0,190,0.0
20130309.0,340,0.0
20130310.0,526,0.32509505703422054
20130401.0,80,0.0
20130402.0,56,0.0
20130403.0,335,0.0
20130404.0,392,0.1096938775510204
20130405.0,294,0.0
20130406.0,180,0.23333333333333334
20130407.0,184,0.0
20130408.0,118,0.0
20130409.0,449,0.19599109131403117
20130410.0,435,0.5609195402298851
20130411.0,180,0.17222222222222222
20130412.0,522,0.4674329501915709
20130413.0,125,0.4
20130414.0,237,0.0
20130501.0,190,0.0
20130502.0,282,0.648936170212766
20130503.0,545,0.3908256880733945
20130504.0,674,0.5103857566765578
20130505.0,379,0.07387862796833773
20130506.0,232,0.3275862068965517
20130507.0,715,0.18601398601398603
20130508.0,283,0.5229681978798587
20130601.0,376,0.7686170212765957
20130602.0,422,0.0
20130603.0,182,0.0
20130604.0,64,0.0
20130605.0,880,0.3875
20130606.0,869,0.1518987341772152
20130607.0,212,0.0
20130608.0,91,0.0
20130701.0,142,0.0
20130702.0,176,0.0
20130703.0,507,0.3668639053254438
20130704.0,352,0.24431818181818182
20130705.0,472,0.0
20130706.0,84,0.0
20130707.0,187,0.10695187165775401
20130708.0,282,0.44680851063829785
20130709.0,377,0.6206896551724138
20130801.0,138,0.26811594202898553
20130802.0,253,0.6640316205533597
20130803.0,185,0.22702702702702704
20130804.0,217,0.12442396313364056
20130805.0,197,0.0
20130806.0,29,0.0
20130807.0,84,0.7619047619047619
20130808.0,184,0.0
20130809.0,279,0.8709677419354839
20130810.0,101,0.0
20130901.0,142,0.6690140845070423
20130902.0,265,0.20754716981132076
20130903.0,225,0.3022222222222222
20130904.0,298,0.412751677852349
20130905.0,50,0.0
20130906.0,213,0.13615023474178403
20130907.0,115,0.5043478260869565
20130908.0,93,0.0
20130909.0,109,0.0
20130910.0,352,0.0
20131001.0,413,0.4430992736077482
20131002.0,1644,0.32725060827250607
20131003.0,474,0.0
20131004.0,621,0.05958132045088567
20131005.0,827,0.0
20131006.0,759,0.5375494071146245
20131007.0,322,0.14596273291925466
20131008.0,136,0.0
20131009.0,392,0.40816326530612246
20131010.0,1025,0.0175609756097561
20131011.0,370,0.0
20131101.0,6505,0.11421983089930822
20131102.0,720,0.25277777777777777
20131103.0,414,0.38405797101449274
20131104.0,263,0.20912547528517111
20131105.0,210,0.0
20131106.0,635,0.247244094488189
20131107.0,498,0.39156626506024095
20131201.0,898,0.4153674832962138
20131202.0,234,0.43162393162393164
20131203.0,167,0.2934131736526946
20131204.0,129,0.0
20131205.0,1323,0.08087679516250945
20131206.0,152,0.46710526315789475
20131207.0,203,0.270935960591133
20131208.0,429,0.44755244755244755
20131209.0,319,0.30407523510971785
20131210.0,792,0.0
20131301.0,274,0.043795620437956206
20131302.0,1018,0.26227897838899805
20131303.0,251,0.0
20131304.0,420,0.5833333333333334
20131305.0,156,0.0
20131306.0,254,0.6023622047244095
20131307.0,343,0.49854227405247814
20131308.0,351,0.20797720797720798
20131309.0,123,0.22764227642276422
20131310.0,37,0.0
20131311.0,252,0.626984126984127
20131312.0,340,0.0
20131313.0,489,0.0
20131314.0,122,0.0
20131401.0,337,0.0
20131402.0,241,0.25311203319502074
20131403.0,304,0.6447368421052632
20131404.0,56,0.5
20131405.0,83,0.0
20131406.0,1719,0.2210587550901687
20131407.0,185,0.0
20131408.0,150,0.0
20131409.0,222,0.0
20131410.0,244,0.5040983606557377
20131411.0,122,0.16393442622950818
20131501.0,143,0.0
20131502.0,1223,0.0
20131503.0,133,0.0
20131504.0,71,0.0
20131505.0,108,0.4166666666666667
20131506.0,100,0.48
20131507.0,196,0.5714285714285714
20131508.0,329,0.41033434650455924
20131509.0,812,0.0
20131510.0,274,0.16423357664233576
20131511.0,92,0.0
20131512.0,54,0.0
20131601.0,98,0.0
20131602.0,325,0.6307692307692307
20131603.0,1023,0.04007820136852395
20131604.0,235,0.4553191489361702
20131605.0,264,0.18181818181818182
20131606.0,40,0.0
20131607.0,98,0.0
20131608.0,293,0.0
20131609.0,152,0.0
20131610.0,465,0.3161290322580645
20131611.0,181,0.585635359116022
20131612.0,140,0.4785714285714286
20131613.0,97,0.0
20131701.0,211,0.0
20131702.0,849,0.11307420494699646
20131703.0,144,0.3819444444444444
20131704.0,270,0.6962962962962963
20131705.0,221,0.0
20131706.0,54,0.0
20131707.0,142,0.0
20131708.0,88,0.625
20131709.0,822,0.3637469586374696
20131710.0,353,0.0
20131711.0,62,0.3387096774193548
20131801.0,276,0.07246376811594203
20131802.0,242,0.6487603305785123
20131803.0,298,0.0
20131804.0,368,0.6494565217391305
20131805.0,149,0.0
20131806.0,96,0.17708333333333334
20131807.0,330,0.3
20131808.0,312,0.3525641025641026
20131809.0,93,0.0
20131810.0,308,0.12987012987012986
20131901.0,206,0.0
20131902.0,271,0.0
20131903.0,181,0.0
20131904.0,197,0.0
20131905.0,574,0.5331010452961672
20131906.0,27,0.0
20131907.0,185,0.0
20131908.0,167,0.0
20131909.0,320,0.66875
20131910.0,179,0.18994413407821228
20131911.0,150,0.0
20131912.0,506,0.25296442687747034
20132001.0,138,0.0
20132002.0,138,0.0
20132003.0,146,0.0
20132004.0,210,0.2619047619047619
20132005.0,637,0.16797488226059654
20132006.0,713,0.22019635343618513
20132007.0,279,0.15053763440860216
20132008.0,420,0.35
20132009.0,272,0.1948529411764706
20132010.0,140,0.0
20132011.0,142,0.2676056338028169
20132012.0,363,0.2975206611570248
20132101.0,678,0.16371681415929204
20132102.0,77,0.0
20132103.0,207,0.0
20132104.0,143,0.20279720279720279
20132105.0,58,0.0
20132106.0,80,0.0
20132107.0,115,0.6434782608695652
20132108.0,128,0.25
20132109.0,249,0.0
20132110.0,75,0.0
20132201.0,723,0.0
20132202.0,74,0.21621621621621623
20132203.0,24,0.0
20132204.0,58,0.0
20132205.0,158,0.0
20132206.0,293,0.48464163822525597
20132207.0,614,0.05863192182410423
20132208.0,422,0.2132701421800948
20132209.0,82,0.0
20132301.0,726,0.15702479338842976
20132302.0,36,0.0
20132303.0,436,0.2408256880733945
20132304.0,326,0.7055214723926381
20132305.0,84,0.0
20132306.0,288,0.0
20132307.0,288,0.4756944444444444
20132308.0,34,0.0
20132309.0,84,0.0
20132310.0,124,0.2661290322580645
20132311.0,47,0.0
20132401.0,399,0.0
20132402.0,179,0.0
20132403.0,780,0.2653846153846154
20132404.0,161,0.0
20132405.0,332,0.30120481927710846
20132406.0,294,0.0
20132407.0,147,0.3945578231292517
20132408.0,196,0.413265306122449
20132409.0,461,0.06073752711496746
20132410.0,297,0.48484848484848486
20132501.0,193,0.34196891191709844
20132502.0,500,0.782
20132503.0,150,0.43333333333333335
20132504.0,233,0.27896995708154504
20132505.0,71,0.0
20132506.0,385,0.06753246753246753
20132507.0,166,0.0
20132508.0,922,0.15292841648590022
20132601.0,415,0.35903614457831323
20132602.0,176,0.24431818181818182
20132603.0,244,0.3524590163934426
20132604.0,60,0.0
20132605.0,470,0.06382978723404255
20132606.0,92,0.0
20132607.0,79,0.24050632911392406
20132608.0,39,0.0
20132609.0,207,0.6280193236714976
20132610.0,505,0.6059405940594059
20132611.0,316,0.2626582278481013
20132701.0,98,0.5204081632653061
20132702.0,220,0.4909090909090909
20132703.0,302,0.5529801324503312
20132704.0,238,0.5210084033613446
20132705.0,215,0.9069767441860465
20132706.0,104,0.0
20132707.0,124,0.0
20132708.0,260,0.7846153846153846
20132709.0,253,0.0
20132801.0,110,0.0
20132802.0,315,0.0
20132803.0,421,0.24228028503562946
20132804.0,90,0.0
20132805.0,315,0.5079365079365079
20132806.0,106,0.1509433962264151
20132807.0,127,0.0
20132808.0,140,0.5142857142857142
20132809.0,128,0.0
20132810.0,117,0.3333333333333333
20132901.0,60,0.0
20132902.0,108,0.0
20132903.0,350,0.0
20132904.0,139,0.1366906474820144
20132905.0,158,0.0
20132906.0,140,0.0
20132907.0,167,0.0
20132908.0,288,0.14930555555555555
20132909.0,17,0.0
20132910.0,58,0.0
20132911.0,2654,0.4031650339110776
20140101.0,286,0.0
20140102.0,216,0.18981481481481483
20140103.0,229,0.0
20140104.0,301,0.0
20140105.0,396,0.23232323232323232
20140106.0,1083,0.15789473684210525
20140107.0,648,0.44290123456790126
20140108.0,890,0.3943820224719101
20140109.0,234,0.5299145299145299
20140110.0,90,0.0
20140201.0,377,0.46419098143236076
20140202.0,100,0.0
20140203.0,340,0.2647058823529412
20140204.0,214,0.14953271028037382
20140205.0,184,0.0
20140206.0,186,0.24193548387096775
20140207.0,105,0.0
20140208.0,264,0.07575757575757576
20140209.0,289,0.1903114186851211
20140210.0,275,0.20727272727272728
20140301.0,1153,0.3642671292281006
20140302.0,812,0.10098522167487685
20140303.0,194,0.0
20140304.0,191,0.0
20140305.0,166,0.30120481927710846
20140306.0,152,0.17763157894736842
20140307.0,215,0.06046511627906977
20140308.0,250,0.424
20140309.0,72,0.0
20140310.0,93,0.0
20140311.0,89,0.0
20140312.0,250,0.488
20140401.0,305,0.11147540983606558
20140402.0,453,0.282560706401766
20140403.0,560,0.11964285714285715
20140404.0,176,0.0
20140405.0,134,0.0
20140406.0,2148,0.29702048417132215
20140407.0,505,0.4396039603960396
20140408.0,205,0.07804878048780488
20140409.0,598,0.24749163879598662
20140410.0,1081,0.17206290471785385
20140501.0,100,0.0
20140502.0,139,0.4316546762589928
20140503.0,540,0.5259259259259259
20140504.0,413,0.43099273607748184
20140505.0,140,0.0
20140506.0,149,0.610738255033557
20140507.0,75,0.0
20140508.0,857,0.4002333722287048
20140509.0,156,0.3076923076923077
20140510.0,118,0.0
20140601.0,342,0.20760233918128654
20140602.0,358,0.24022346368715083
20140603.0,947,0.3041182682154171
20140604.0,534,0.2247191011235955
20140605.0,102,0.0
20140606.0,201,0.0
20140607.0,156,0.0
20140608.0,159,0.0
20140609.0,134,0.13432835820895522
20140610.0,48,0.0
20140701.0,979,0.23595505617977527
20140702.0,819,0.1746031746031746
20140703.0,862,0.07192575406032482
20140704.0,612,0.19444444444444445
20140705.0,831,0.16726835138387486
20140706.0,1649,0.06549423893268648
20140707.0,1237,0.17946645109135004
20140708.0,2035,0.14398034398034398
20140709.0,1434,0.0
20140801.0,1158,0.08203799654576857
20140802.0,767,0.29595827900912647
20140803.0,214,0.27102803738317754
20140804.0,108,0.0
20140805.0,583,0.1423670668953688
20140806.0,403,0.05459057071960298
20140807.0,265,0.1509433962264151
20140808.0,245,0.0
20140809.0,702,0.07692307692307693
20140901.0,512,0.3515625
20140902.0,320,0.321875
20140903.0,328,0.1798780487804878
20140904.0,251,0.5219123505976095
20140905.0,160,0.55
20140906.0,122,0.0
20140907.0,204,0.0
20140908.0,157,0.0
20140909.0,1018,0.06974459724950884
20140910.0,170,0.16470588235294117
20140911.0,780,0.23974358974358975
20140912.0,2040,0.16323529411764706
20140913.0,1268,0.10883280757097792
20141001.0,8370,0.096415770609319
20141101.0,1021,0.14299706170421156
20141102.0,720,0.35833333333333334
20141103.0,69,0.0
20141104.0,63,0.0
20141105.0,281,0.0
20141106.0,392,0.4719387755102041
20141107.0,165,0.2
20141108.0,247,0.0728744939271255
20141109.0,81,0.0
20141110.0,225,0.18666666666666668
20141111.0,182,0.0
20141112.0,1972,0.013184584178498986
20141113.0,695,0.3107913669064748
20141114.0,13,0.0
20141201.0,1178,0.2826825127334465
20141202.0,623,0.39807383627608345
20141203.0,308,0.0
20141204.0,177,0.0
20141205.0,801,0.32459425717852686
20141206.0,814,0.3415233415233415
20141207.0,527,0.5502846299810247
20141208.0,40,0.0
20141209.0,90,0.0
20141210.0,156,0.0
20141211.0,596,0.2751677852348993
20141301.0,1606,0.15006226650062265
20141302.0,1920,0.22395833333333334
20141303.0,417,0.8201438848920863
20141304.0,423,0.47044917257683216
20141305.0,475,0.06947368421052631
20141306.0,1203,0.12468827930174564
20141307.0,1858,0.0
20141308.0,1035,0.1536231884057971
20141309.0,1001,0.4255744255744256
20141310.0,483,0.36645962732919257
20141311.0,758,0.030343007915567283
20141312.0,320,0.175
20141401.0,88,0.0
20141402.0,150,0.3
20141403.0,265,0.0
20141404.0,154,0.0
20141405.0,179,0.18994413407821228
20141406.0,564,0.0
20141407.0,1140,0.04473684210526316
20141408.0,217,0.4147465437788018
20141409.0,215,0.08837209302325581
20141410.0,551,0.5226860254083484
20141411.0,216,0.0
20141501.0,334,0.17365269461077845
20141502.0,152,0.3881578947368421
20141503.0,154,0.0
20141504.0,154,0.0
20141505.0,65,0.0
20141506.0,253,0.3241106719367589
20141507.0,205,0.17073170731707318
20141508.0,458,0.36681222707423583
20141601.0,940,0.13297872340425532
20141602.0,572,0.7972027972027972
20141603.0,114,0.42105263157894735
20141604.0,275,0.0
20141605.0,616,0.6558441558441559
20141606.0,98,0.41836734693877553
20141607.0,298,0.31543624161073824
20141701.0,52,0.0
20141702.0,411,0.40875912408759124
20141703.0,488,0.5963114754098361
20141704.0,129,0.17829457364341086
20141705.0,468,0.7264957264957265
20141706.0,170,0.0
20141707.0,644,0.2127329192546584
20141708.0,162,0.0
20141801.0,1918,0.1673618352450469
20141802.0,94,0.24468085106382978
20141803.0,331,0.41389728096676737
20141804.0,120,0.475
20141805.0,349,0.15472779369627507
20141806.0,136,0.34558823529411764
20141807.0,291,0.07560137457044673
20141808.0,561,0.6702317290552585
20141901.0,160,0.0
20141902.0,534,0.7509363295880149
20141903.0,334,0.5359281437125748
20141904.0,480,0.5125
20141905.0,393,0.10432569974554708
20142001.0,692,0.23410404624277456
20142002.0,736,0.3383152173913043
20142003.0,601,0.056572379367720464
20142004.0,387,0.0
20142005.0,157,0.0
20142006.0,100,0.0
20142007.0,156,0.0
20142101.0,657,0.1430745814307458
20142102.0,1255,0.5553784860557769
20142103.0,937,0.15154749199573106
20142104.0,374,0.21657754010695188
20142105.0,2278,0.09745390693590869
20142106.0,665,0.23909774436090225
20142107.0,241,0.0
20142108.0,307,0.1791530944625407
20142109.0,116,0.0
20142110.0,96,0.0
20142111.0,1105,0.4280542986425339
20142201.0,309,0.34627831715210355
20142202.0,145,0.0
20142203.0,136,0.22794117647058823
20142204.0,135,0.0
20142205.0,174,0.14367816091954022
20142206.0,722,0.6343490304709142
20142207.0,359,0.5403899721448467
20142208.0,518,0.23745173745173745
20142209.0,382,0.05759162303664921
20142210.0,483,0.3416149068322981
20142301.0,212,0.0
20142302.0,81,0.20987654320987653
20142303.0,490,0.4020408163265306
20142304.0,215,0.0
20142305.0,721,0.46601941747572817
20142306.0,322,0.0
20142307.0,292,0.0
20142308.0,479,0.04801670146137787
20142309.0,756,0.24735449735449735
20142310.0,634,0.09779179810725552
20142311.0,1089,0.162534435261708
20142401.0,49,0.0
20142402.0,92,0.0
20142403.0,612,0.5049019607843137
20142404.0,28,0.0
20142405.0,99,0.0
20142406.0,150,0.0
20142407.0,36,0.0
20142408.0,117,0.0
20142409.0,413,0.4576271186440678
20142501.0,425,0.2447058823529412
20142502.0,260,0.1346153846153846
20142503.0,385,0.3090909090909091
20142504.0,273,0.08424908424908426
20142505.0,76,0.0
20142506.0,241,0.14107883817427386
20142507.0,79,0.4810126582278481
20142508.0,207,0.6811594202898551
20142509.0,84,0.6428571428571429
20142601.0,227,0.0881057268722467
20142602.0,252,0.29365079365079366
20142603.0,54,0.0
20142604.0,311,0.43086816720257237
20142605.0,374,0.0
20142606.0,708,0.4604519774011299
20142607.0,304,0.1875
20142701.0,379,0.3113456464379947
20142702.0,365,0.27671232876712326
20142703.0,166,0.0
20142704.0,611,0.2684124386252046
20142705.0,493,0.23935091277890466
20142706.0,379,0.24802110817941952
20142707.0,263,0.6730038022813688
20142801.0,70,0.0
20142802.0,107,0.0
20142803.0,199,0.3417085427135678
20142804.0,447,0.18791946308724833
20142805.0,92,0.34782608695652173
20142806.0,144,0.0
20142807.0,173,0.12716763005780346
20142808.0,360,0.32222222222222224
20142809.0,629,0.08744038155802862
20142810.0,238,0.23529411764705882
20142811.0,296,0.05405405405405406
20142812.0,3623,0.06348330113165884
20142901.0,361,0.13573407202216067
20142902.0,465,0.3935483870967742
20142903.0,73,0.0
20142904.0,253,0.09090909090909091
20142905.0,379,0.3113456464379947
20142906.0,176,0.1590909090909091
20142907.0,584,0.5034246575342466
20142908.0,299,0.11371237458193979
20142909.0,1320,0.10606060606060606
20142910.0,105,0.34285714285714286
20142911.0,198,0.18181818181818182
20143001.0,389,0.4652956298200514
20143002.0,319,0.2664576802507837
20143003.0,157,0.36942675159235666
20143004.0,164,0.0
20143005.0,408,0.5392156862745098
20143006.0,59,0.3389830508474576
20143007.0,127,0.0
20143008.0,282,0.16312056737588654
20143009.0,236,0.15677966101694915
20143101.0,1423,0.03162333099086437
20143102.0,103,0.0
20143103.0,336,0.3482142857142857
20143104.0,200,0.38
20143105.0,109,0.27522935779816515
20143106.0,251,0.12749003984063745
20143107.0,228,0.0
20143108.0,605,0.026446280991735537
20143109.0,208,0.0
20143110.0,313,0.0
20143111.0,148,0.0
20143112.0,345,0.0
20150101.0,233,0.5150214592274678
20150102.0,215,0.2186046511627907
20150103.0,378,0.3412698412698413
20150104.0,150,0.2866666666666667
20150105.0,117,0.0
20150106.0,83,0.0
20150107.0,70,0.0
20150108.0,550,0.5927272727272728
20150109.0,244,0.11885245901639344
20150110.0,224,0.30357142857142855
20150111.0,153,0.2679738562091503
20150112.0,616,0.03896103896103896
20150201.0,182,0.0
20150202.0,223,0.0
20150203.0,128,0.0
20150204.0,76,0.40789473684210525
20150205.0,91,0.0
20150206.0,249,0.14859437751004015
20150207.0,339,0.5368731563421829
20150208.0,274,0.4854014598540146
20150209.0,493,0.7606490872210954
20150210.0,111,0.0
20150301.0,87,0.0
20150302.0,408,0.7622549019607843
20150303.0,237,0.0
20150304.0,282,0.07801418439716312
20150305.0,208,0.0
20150306.0,143,0.0
20150307.0,194,0.0
20150308.0,105,0.18095238095238095
20150309.0,408,0.6887254901960784
20150310.0,456,0.2236842105263158
20150311.0,210,0.0
20150312.0,543,0.47513812154696133
20150313.0,52,0.0
20150401.0,276,0.0
20150402.0,112,0.0
20150403.0,209,0.0
20150404.0,133,0.0
20150405.0,200,0.0
20150406.0,341,0.3460410557184751
20150407.0,99,0.0
20150408.0,124,0.0
20150409.0,91,0.0
20150410.0,231,0.0
20150411.0,159,0.0
20150412.0,204,0.0
20150413.0,399,0.19548872180451127
20150414.0,572,0.3811188811188811
20150501.0,182,0.0
20150502.0,418,0.0
20150503.0,197,0.0
20150504.0,267,0.41198501872659177
20150505.0,105,0.34285714285714286
20150506.0,226,0.061946902654867256
20150507.0,274,0.6934306569343066
20150508.0,172,0.0
20150509.0,574,0.29965156794425085
20150510.0,132,0.0
20150511.0,115,0.5826086956521739
20150512.0,527,0.5275142314990512
20150513.0,186,0.16129032258064516
20150514.0,404,0.9084158415841584
20150601.0,196,0.35714285714285715
20150602.0,304,0.25
20150603.0,325,0.09538461538461539
20150604.0,327,0.12844036697247707
20150605.0,125,0.448
20150606.0,2306,0.2753686036426713
20150607.0,949,0.7133825079030558
20150701.0,686,0.19970845481049562
20150702.0,182,0.0
20150703.0,26,0.0
20150704.0,816,0.10784313725490197
20150705.0,190,0.0
20150706.0,668,0.25149700598802394
20150707.0,175,0.0
20150708.0,434,0.0
20150709.0,375,0.6533333333333333
20150710.0,253,0.0
20150711.0,281,0.5338078291814946
20150712.0,274,0.0
20150801.0,306,0.0
20150802.0,162,0.41358024691358025
20150803.0,329,0.5775075987841946
20150804.0,238,0.0
20150805.0,390,0.10512820512820513
20150806.0,417,0.37889688249400477
20150807.0,178,0.11235955056179775
20150808.0,403,0.08436724565756824
20150809.0,154,0.0
20150810.0,232,0.15517241379310345
20150901.0,69,0.0
20150902.0,533,0.0
20150903.0,792,0.25126262626262624
20150904.0,146,0.6027397260273972
20150905.0,245,0.8612244897959184
20150906.0,194,0.0
20150907.0,521,0.0
20150908.0,1532,0.12859007832898173
20151001.0,224,0.0
20151002.0,117,0.0
20151003.0,206,0.1407766990291262
20151004.0,400,0.2775
20151005.0,108,0.3333333333333333
20151006.0,168,0.0
20151007.0,491,0.1629327902240326
20151008.0,170,0.0
20151009.0,87,0.0
20151010.0,420,0.04047619047619048
20151011.0,79,0.0
20151012.0,171,0.6666666666666666
20151013.0,38,0.0
20151101.0,287,0.09407665505226481
20151102.0,259,0.14285714285714285
20151103.0,50,0.0
20151104.0,201,0.0
20151105.0,192,0.0
20151106.0,346,0.1676300578034682
20151107.0,349,0.3954154727793696
20151108.0,141,0.1276595744680851
20151109.0,82,0.0
20151110.0,164,0.0
20151111.0,253,0.05533596837944664
20151112.0,222,0.0945945945945946
20151113.0,299,0.2976588628762542
20151201.0,686,0.26384839650145775
20151202.0,486,0.07407407407407407
20151203.0,234,0.0
20151204.0,256,0.1875
20151205.0,356,0.056179775280898875
20151206.0,107,0.0
20151207.0,181,0.4530386740331492
20151208.0,161,0.0
20151209.0,36,0.0
20151301.0,325,0.37846153846153846
20151302.0,471,0.37579617834394907
20151303.0,417,0.14388489208633093
20151304.0,542,0.35977859778597787
20151305.0,50,0.0
20151306.0,178,0.5730337078651685
20151307.0,484,0.71900826446281
20151308.0,504,0.7023809523809523
20151309.0,333,0.2132132132132132
20151310.0,72,0.0
20151401.0,205,0.0
20151402.0,118,0.0
20151403.0,316,0.6645569620253164
20151404.0,321,0.0
20151405.0,203,0.1477832512315271
20151406.0,35,0.0
20151407.0,225,0.0
20151408.0,661,0.5037821482602118
20151409.0,298,0.09060402684563758
20151410.0,333,0.0
20151411.0,547,0.3583180987202925
20151501.0,206,0.0
20151502.0,860,0.5104651162790698
20151503.0,163,0.17791411042944785
20151504.0,345,0.463768115942029
20151505.0,179,0.2122905027932961
20151506.0,394,0.07106598984771574
20151507.0,212,0.0
20151508.0,381,0.46194225721784776
20151509.0,167,0.562874251497006
20151510.0,189,0.0
20151601.0,103,0.0
20151602.0,58,0.27586206896551724
20151603.0,299,0.3879598662207358
20151604.0,69,0.0
20151605.0,37,0.0
20151606.0,591,0.6463620981387479
20151607.0,333,0.3663663663663664
20151608.0,288,0.7326388888888888
20151609.0,402,0.664179104477612
20151610.0,403,0.0
20151611.0,101,0.0
20151701.0,137,0.5328467153284672
20151702.0,190,0.2
20151703.0,137,0.5328467153284672
20151704.0,84,0.0
20151705.0,201,0.0
20151706.0,71,0.0
20151707.0,115,0.0
20151708.0,18,0.0
20151709.0,127,0.0
20151710.0,280,0.08214285714285714
20151711.0,75,0.0
20151712.0,247,0.5384615384615384
20151801.0,38,0.0
20151802.0,157,0.0
20151803.0,665,0.22857142857142856
20151804.0,78,0.0
20151805.0,90,0.4222222222222222
20151806.0,118,0.4576271186440678
20151807.0,105,0.3333333333333333
20151808.0,102,0.0
20151809.0,664,0.7123493975903614
20151810.0,30,0.0
20151811.0,71,0.29577464788732394
20151812.0,40,0.0
20151813.0,31,0.0
20151901.0,58,0.5344827586206896
20151902.0,93,0.0
20151903.0,89,0.0
20151904.0,85,0.0
20151905.0,387,0.7235142118863049
20151906.0,88,0.0
20151907.0,83,0.0
20151908.0,85,0.0
20151909.0,90,0.0
20151910.0,203,0.0
20151911.0,48,0.0
20152001.0,92,0.0
20152002.0,390,0.11025641025641025
20152003.0,370,0.8108108108108109
20152004.0,70,0.0
20152005.0,98,0.0
20152006.0,305,0.0
20152007.0,681,0.4170337738619677
20152008.0,89,0.0
20152009.0,33,0.0
20152010.0,251,0.23107569721115537
20152011.0,199,0.0
20152012.0,351,0.26495726495726496
20152101.0,273,0.32967032967032966
20152102.0,173,0.0
20152103.0,104,0.0
20152104.0,652,0.29754601226993865
20152105.0,69,0.0
20152106.0,219,0.2465753424657534
20152107.0,99,0.0
20152108.0,102,0.5294117647058824
20152109.0,149,0.0
20152110.0,191,0.0
20152111.0,126,0.0
20152112.0,169,0.0
20152113.0,260,0.0
